Id,LotArea,OverallQual,YearBuilt,YearRemodAdd,BsmtFinSF1,BsmtUnfSF,TotalBsmtSF,GrLivArea,FullBath,BedroomAbvGr,KitchenAbvGr,TotRmsAbvGrd,Fireplaces,GarageCars,YrSold,SalePrice
1,8450,7,2003,2003,706,150,856,1710,2,3,1,8,0,2,2008,208500
2,9600,6,1976,1976,978,284,1262,1262,2,3,1,6,1,2,2007,181500
3,11250,7,2001,2002,486,434,920,1786,2,3,1,6,1,2,2008,223500
4,9550,7,1915,1970,216,540,756,1717,1,3,1,7,1,3,2006,140000
5,14260,8,2000,2000,655,490,1145,2198,2,4,1,9,1,3,2008,250000
6,14115,5,1993,1995,732,64,796,1362,1,1,1,5,0,2,2009,143000
7,10084,8,2004,2005,1369,317,1686,1694,2,3,1,7,1,2,2007,307000
8,10382,7,1973,1973,859,216,1107,2090,2,3,1,7,2,2,2009,200000
9,6120,7,1931,1950,0,952,952,1774,2,2,2,8,2,2,2008,129900
10,7420,5,1939,1950,851,140,991,1077,1,2,2,5,2,1,2008,118000
11,11200,5,1965,1965,906,134,1040,1040,1,3,1,5,0,1,2008,129500
12,11924,9,2005,2006,998,177,1175,2324,3,4,1,11,2,3,2006,345000
13,12968,5,1962,1962,737,175,912,912,1,2,1,4,0,1,2008,144000
14,10652,7,2006,2007,0,1494,1494,1494,2,3,1,7,1,3,2007,279500
15,10920,6,1960,1960,733,520,1253,1253,1,2,1,5,1,1,2008,157000
16,6120,7,1929,2001,0,832,832,854,1,2,1,5,0,2,2007,132000
17,11241,6,1970,1970,578,426,1004,1004,1,2,1,5,1,2,2010,149000
18,10791,4,1967,1967,0,0,0,1296,2,2,2,6,0,2,2006,90000
19,13695,5,2004,2004,646,468,1114,1114,1,3,1,6,0,2,2008,159000
20,7560,5,1958,1965,504,525,1029,1339,1,3,1,6,0,1,2009,139000
21,14215,8,2005,2006,0,1158,1158,2376,3,4,1,9,1,3,2006,325300
22,7449,7,1930,1950,0,637,637,1108,1,3,1,6,1,1,2007,139400
23,9742,8,2002,2002,0,1777,1777,1795,2,3,1,7,1,2,2008,230000
24,4224,5,1976,1976,840,200,1040,1060,1,3,1,6,1,2,2007,129900
25,8246,5,1968,2001,188,204,1060,1060,1,3,1,6,1,1,2010,154000
26,14230,8,2007,2007,0,1566,1566,1600,2,3,1,7,1,3,2009,256300
27,7200,5,1951,2000,234,180,900,900,1,3,1,5,0,2,2010,134800
28,11478,8,2007,2008,1218,486,1704,1704,2,3,1,7,1,3,2010,306000
29,16321,5,1957,1997,1277,207,1484,1600,1,2,1,6,2,1,2006,207500
30,6324,4,1927,1950,0,520,520,520,1,1,1,4,0,1,2008,68500
31,8500,4,1920,1950,0,649,649,1317,1,3,1,6,0,1,2008,40000
32,8544,5,1966,2006,0,1228,1228,1228,1,3,1,6,0,1,2008,149350
33,11049,8,2007,2007,0,1234,1234,1234,2,3,1,7,0,2,2008,179900
34,10552,5,1959,1959,1018,380,1398,1700,1,4,1,6,1,2,2010,165500
35,7313,9,2005,2005,1153,408,1561,1561,2,2,1,6,1,2,2007,277500
36,13418,8,2004,2005,0,1117,1117,2452,3,4,1,9,1,3,2006,309000
37,10859,5,1994,1995,0,1097,1097,1097,1,3,1,6,0,2,2009,145000
38,8532,5,1954,1990,1213,84,1297,1297,1,3,1,5,1,2,2009,153000
39,7922,5,1953,2007,731,326,1057,1057,1,3,1,5,0,1,2010,109000
40,6040,4,1955,1955,0,0,0,1152,2,2,2,6,0,0,2008,82000
41,8658,6,1965,1965,643,445,1088,1324,2,3,1,6,1,2,2006,160000
42,16905,5,1959,1959,967,383,1350,1328,1,2,1,5,2,1,2007,170000
43,9180,5,1983,1983,747,0,840,884,1,2,1,5,0,2,2007,144000
44,9200,5,1975,1980,280,167,938,938,1,3,1,5,0,1,2008,130250
45,7945,5,1959,1959,179,465,1150,1150,1,3,1,6,0,1,2006,141000
46,7658,9,2005,2005,456,1296,1752,1752,2,2,1,6,1,2,2010,319900
47,12822,7,2003,2003,1351,83,1434,2149,1,1,1,6,1,2,2009,239686
48,11096,8,2006,2006,24,1632,1656,1656,2,3,1,7,0,3,2007,249700
49,4456,4,1920,2008,0,736,736,1452,2,2,3,8,0,0,2009,113000
50,7742,5,1966,1966,763,192,955,955,1,3,1,6,0,1,2007,127000
51,13869,6,1997,1997,182,612,794,1470,2,3,1,6,0,2,2007,177000
52,6240,6,1934,1950,0,816,816,1176,1,3,1,6,1,2,2006,114500
53,8472,5,1963,1963,104,0,816,816,1,2,1,5,0,2,2010,110000
54,50271,9,1981,1987,1810,32,1842,1842,0,0,1,5,1,3,2006,385000
55,7134,5,1955,1955,384,0,384,1360,1,3,1,6,1,2,2007,130000
56,10175,6,1964,1964,490,935,1425,1425,2,3,1,7,1,2,2008,180500
57,2645,8,1999,2000,649,321,970,1739,2,3,1,7,0,2,2009,172500
58,11645,7,2004,2004,0,860,860,1720,2,3,1,7,0,2,2006,196500
59,13682,10,2006,2006,0,1410,1410,2945,3,3,1,10,1,3,2006,438780
60,7200,5,1972,1972,632,148,780,780,1,2,1,4,0,1,2008,124900
61,13072,6,2004,2004,941,217,1158,1158,1,3,1,5,0,2,2006,158000
62,7200,5,1920,1996,0,530,530,1111,1,3,1,6,0,1,2007,101000
63,6442,8,2006,2006,24,1346,1370,1370,2,2,1,6,1,2,2007,202500
64,10300,7,1921,1950,0,576,576,1710,2,3,1,9,0,2,2010,140000
65,9375,7,1997,1998,739,318,1057,2034,2,3,1,8,0,2,2009,219500
66,9591,8,2004,2005,0,1143,1143,2473,2,4,1,9,1,3,2007,317000
67,19900,7,1970,1989,912,1035,1947,2207,2,3,1,7,1,2,2010,180000
68,10665,7,2003,2003,1013,440,1453,1479,2,3,1,7,0,2,2007,226000
69,4608,4,1945,1950,0,747,747,747,1,2,1,4,0,1,2010,80000
70,15593,7,1953,1953,603,701,1304,2287,2,3,1,7,1,2,2006,225000
71,13651,7,1973,1973,1880,343,2223,2223,2,3,1,8,2,2,2007,244000
72,7599,4,1982,2006,565,280,845,845,1,2,1,4,0,2,2007,129500
73,10141,7,1998,1998,0,832,832,1718,2,3,1,7,1,2,2009,185000
74,10200,5,1954,2003,320,404,1086,1086,1,3,1,6,0,2,2010,144900
75,5790,3,1915,1950,0,840,840,1605,2,3,2,8,0,1,2010,107400
76,1596,4,1973,1973,462,0,462,988,1,2,1,5,0,1,2009,91000
77,8475,4,1956,1956,228,724,952,952,1,2,1,4,0,1,2008,135750
78,8635,5,1948,2001,336,295,672,1285,1,2,1,6,0,1,2008,127000
79,10778,4,1968,1968,0,1768,1768,1768,2,4,2,8,0,0,2010,136500
80,10440,5,1910,1981,0,440,440,1230,1,2,1,5,0,2,2009,110000
81,13000,6,1968,1968,448,448,896,2142,2,4,1,8,1,1,2009,193500
82,4500,6,1998,1998,1201,36,1237,1337,2,2,1,5,0,2,2006,153500
83,10206,8,2007,2007,33,1530,1563,1563,2,3,1,6,1,3,2008,245000
84,8892,5,1960,1960,0,1065,1065,1065,1,3,1,6,0,2,2007,126500
85,8530,7,1995,1996,0,384,384,1474,2,3,1,7,1,2,2009,168500
86,16059,8,1991,1992,0,1288,1288,2417,2,4,1,9,1,2,2006,260000
87,11911,6,2005,2005,0,684,684,1560,2,3,1,6,1,2,2009,174000
88,3951,6,2009,2009,0,612,612,1224,2,2,1,4,0,2,2009,164500
89,8470,3,1915,1982,0,1013,1013,1526,1,2,1,6,0,0,2009,85000
90,8070,4,1994,1995,588,402,990,990,1,3,1,5,0,0,2007,123600
91,7200,4,1950,1950,0,0,0,1040,1,2,1,4,0,2,2006,109900
92,8500,5,1961,1961,600,635,1235,1235,1,2,1,6,0,2,2006,98600
93,13360,5,1921,2006,713,163,876,964,1,2,1,5,0,2,2009,163500
94,7200,6,1910,1998,1046,168,1214,2291,2,4,2,9,1,2,2007,133900
95,9337,6,1997,1997,648,176,824,1786,2,3,1,7,0,2,2007,204750
96,9765,6,1993,1993,310,370,680,1470,2,3,1,6,1,2,2009,185000
97,10264,7,1999,1999,1162,426,1588,1588,2,3,1,6,0,2,2006,214000
98,10921,4,1965,1965,520,440,960,960,1,3,1,6,0,1,2007,94750
99,10625,5,1920,1950,108,350,458,835,1,2,1,5,0,1,2010,83000
100,9320,4,1959,1959,569,381,950,1225,1,3,1,6,0,0,2010,128950
101,10603,6,1977,2001,1200,410,1610,1610,2,3,1,6,2,2,2010,205000
102,9206,6,1985,1985,0,741,741,1732,2,3,1,7,1,2,2010,178000
103,7018,5,1979,1979,0,0,0,1535,2,4,2,8,0,2,2009,118964
104,10402,7,2009,2009,0,1226,1226,1226,2,3,1,6,0,3,2010,198900
105,7758,7,1931,1950,224,816,1040,1818,1,4,1,7,2,1,2007,169500
106,9375,8,2003,2004,0,1053,1053,1992,2,3,1,9,1,2,2008,250000
107,10800,4,1885,1995,0,641,641,1047,1,2,1,6,0,1,2007,100000
108,6000,5,1948,1950,104,516,789,789,1,2,1,5,0,1,2008,115000
109,8500,5,1919,2005,0,793,793,1517,2,3,1,7,0,0,2007,115000
110,11751,6,1977,1977,705,1139,1844,1844,2,3,1,7,1,2,2010,190000
111,9525,6,1954,1972,444,550,994,1855,2,4,1,7,0,1,2006,136900
112,7750,7,2000,2000,250,134,384,1430,2,3,1,7,1,2,2010,180000
113,9965,7,2007,2007,984,280,1264,2696,2,4,1,10,1,3,2007,383970
114,21000,6,1953,1953,35,905,1809,2259,2,3,1,7,2,2,2007,217000
115,7259,6,1945,2002,774,104,1028,2320,2,3,1,9,1,1,2007,259500
116,3230,6,1999,1999,419,310,729,1458,2,2,1,5,1,2,2007,176000
117,11616,5,1962,1962,170,252,1092,1092,1,3,1,6,1,1,2009,139000
118,8536,5,2006,2007,0,1125,1125,1125,1,2,1,5,0,2,2007,155000
119,12376,7,1990,1990,1470,203,1673,3222,3,5,1,11,2,3,2010,320000
120,8461,6,2005,2006,0,728,728,1456,2,3,1,8,1,2,2006,163990
121,21453,6,1969,1969,938,0,938,988,1,1,1,4,2,2,2006,180000
122,6060,4,1939,1950,0,732,732,1123,1,3,1,4,0,1,2007,100000
123,9464,6,1958,1958,570,510,1080,1080,1,3,1,5,0,1,2008,136000
124,7892,6,1993,1993,300,899,1199,1199,2,2,1,5,0,2,2008,153900
125,17043,6,1979,1998,0,1362,1362,1586,2,3,1,7,1,2,2009,181000
126,6780,6,1935,1982,490,30,520,754,1,2,1,5,0,0,2006,84500
127,4928,6,1976,1976,120,958,1078,958,2,2,1,5,1,2,2007,128000
128,4388,5,1930,1950,116,556,672,840,1,3,1,5,1,0,2007,87000
129,7590,6,1966,1966,512,148,660,1348,1,3,1,6,1,2,2006,155000
130,8973,5,1958,1991,567,413,1008,1053,1,3,1,6,0,2,2006,150000
131,14200,7,1966,1966,445,479,924,2157,2,4,1,8,2,2,2006,226000
132,12224,6,2000,2000,695,297,992,2054,2,3,1,7,1,2,2009,244000
133,7388,5,1959,2002,405,658,1063,1327,1,3,1,7,0,2,2007,150750
134,6853,8,2001,2002,1005,262,1267,1296,2,2,1,6,0,2,2009,220000
135,10335,5,1968,1993,570,891,1461,1721,2,3,1,7,1,2,2006,180000
136,10400,7,1970,1970,0,1304,1304,1682,2,3,1,7,1,2,2008,174000
137,10355,5,1967,1967,695,519,1214,1214,2,3,1,5,1,1,2007,143000
138,11070,7,1988,1989,0,1907,1907,1959,3,5,2,9,0,3,2006,171000
139,9066,8,1999,2000,668,336,1004,1852,2,3,1,7,2,3,2008,230000
140,15426,6,1997,1997,821,107,928,1764,2,3,1,7,0,2,2009,231500
141,10500,4,1971,1971,432,432,864,864,1,3,1,5,1,0,2010,115000
142,11645,7,2005,2005,1300,434,1734,1734,2,3,1,7,0,2,2006,260000
143,8520,5,1952,1952,507,403,910,1385,2,4,1,6,0,2,2010,166000
144,10335,7,1999,1999,679,811,1490,1501,2,3,1,6,0,2,2009,204000
145,9100,5,1963,1963,1332,396,1728,1728,2,6,2,10,0,2,2006,125000
146,2522,6,2004,2006,0,970,970,1709,2,3,1,7,0,2,2006,130000
147,6120,5,1931,1993,209,506,715,875,1,2,1,5,0,1,2009,105000
148,9505,7,2001,2001,0,884,884,2035,2,3,1,8,1,2,2010,222500
149,7500,7,2004,2005,680,400,1080,1080,1,3,1,6,0,0,2008,141000
150,6240,5,1936,1950,0,896,896,1344,1,3,1,7,0,1,2006,115000
151,10356,5,1975,1975,716,253,969,969,1,3,1,5,0,2,2007,122000
152,13891,8,2007,2008,1400,310,1710,1710,2,2,1,6,1,3,2008,372402
153,14803,6,1971,1971,416,409,825,1993,2,4,1,8,1,2,2006,190000
154,13500,6,1960,1975,429,93,1602,1252,1,1,1,4,1,2,2008,235000
155,11340,6,1923,1950,0,1200,1200,1200,1,4,1,7,0,1,2006,125000
156,9600,6,1924,1950,0,572,572,1096,1,2,1,5,0,0,2008,79000
157,7200,5,1950,1950,0,0,0,1040,1,2,1,5,0,2,2006,109500
158,12003,8,2009,2010,0,774,774,1968,2,4,1,8,1,3,2010,269500
159,12552,7,2004,2005,222,769,991,1947,2,3,1,8,1,2,2010,254900
160,19378,7,2005,2006,57,1335,1392,2462,2,4,1,9,1,2,2006,320000
161,11120,6,1984,1984,660,572,1232,1232,2,3,1,6,0,2,2008,162500
162,13688,9,2003,2004,1016,556,1572,2668,2,3,1,10,2,3,2008,412500
163,12182,7,2005,2005,1201,340,1541,1541,2,3,1,7,1,2,2010,220000
164,5500,4,1956,1956,0,882,882,882,1,1,1,4,0,0,2007,103200
165,5400,6,1926,2004,370,779,1149,1616,2,3,1,5,0,1,2007,152000
166,10106,5,1940,1999,351,112,644,1355,2,4,2,6,0,0,2008,127500
167,10708,5,1955,1993,379,470,1617,1867,1,2,1,7,3,1,2009,190000
168,10562,8,2007,2007,1288,294,1582,2161,1,3,1,8,1,3,2007,325624
169,8244,7,2004,2004,0,840,840,1720,2,3,1,7,1,2,2007,183500
170,16669,8,1981,1981,0,1686,1686,1707,2,2,1,6,1,2,2006,228000
171,12358,5,1941,1950,360,360,720,1382,1,2,1,7,0,2,2007,128500
172,31770,6,1960,1960,639,441,1080,1656,1,3,1,7,2,2,2010,215000
173,5306,7,1987,1987,495,354,1064,1767,2,2,1,5,1,2,2006,239000
174,10197,6,1961,1961,288,700,1362,1362,1,3,1,6,1,2,2008,163000
175,12416,6,1986,1986,1398,0,1606,1651,2,3,1,7,1,2,2008,184000
176,12615,6,1950,2001,477,725,1202,2158,2,4,1,7,1,2,2007,243000
177,10029,6,1988,1989,831,320,1151,2060,2,4,1,8,1,2,2007,211000
178,13650,5,1958,1958,57,554,1052,1920,2,4,1,8,1,2,2006,172500
179,17423,9,2008,2009,1904,312,2216,2234,2,1,1,9,1,3,2009,501837
180,8520,5,1923,2006,0,968,968,968,1,2,1,5,0,2,2007,100000
181,2117,6,2000,2000,436,320,756,1525,2,3,1,5,1,2,2007,177000
182,7588,7,1920,1950,352,441,793,1802,1,4,1,9,1,1,2006,200100
183,9060,5,1957,2006,0,0,0,1340,1,3,1,7,1,1,2007,120000
184,11426,7,2003,2003,0,1362,1362,2082,2,3,1,6,0,2,2008,200000
185,7438,5,1908,1991,0,504,504,1252,1,3,1,5,0,2,2006,127000
186,22950,10,1892,1993,0,1107,1107,3608,2,4,1,12,2,3,2006,475000
187,9947,7,1990,1991,611,577,1188,1217,2,3,1,6,0,2,2009,173000
188,10410,5,1916,1987,0,660,660,1656,2,3,1,8,0,1,2009,135000
189,7018,5,1979,1979,1086,0,1086,1224,0,2,2,6,2,2,2009,153337
190,4923,8,2001,2002,1153,440,1593,1593,1,0,1,5,1,2,2008,286000
191,10570,8,1932,1994,297,556,853,2727,2,3,1,10,2,2,2007,315000
192,7472,7,1972,2004,626,99,725,1479,1,4,1,7,0,2,2007,184000
193,9017,7,1999,1999,560,871,1431,1431,2,3,1,6,0,2,2009,192000
194,2522,7,2004,2004,0,970,970,1709,2,3,1,7,0,2,2006,130000
195,7180,5,1972,1972,390,474,864,864,1,3,1,5,0,1,2008,127000
196,2280,6,1976,1976,566,289,855,1456,2,3,1,7,1,2,2009,148500
197,9416,7,2007,2007,1126,600,1726,1726,2,3,1,8,1,3,2007,311872
198,25419,8,1918,1990,1036,140,1360,3112,2,4,1,8,1,2,2006,235000
199,5520,6,1912,1950,0,755,755,2229,1,5,1,8,0,0,2009,104000
200,9591,8,2004,2005,1088,625,1713,1713,2,3,1,7,1,3,2009,274900
201,8546,4,2003,2004,0,1121,1121,1121,2,2,1,5,0,2,2010,140000
202,10125,6,1977,1977,641,276,1196,1279,2,3,1,6,2,2,2008,171500
203,7000,6,1924,1950,617,0,617,1310,2,2,1,6,0,1,2006,112000
204,4438,6,2004,2004,662,186,848,848,1,1,1,3,1,2,2008,149000
205,3500,5,1947,1950,312,408,720,1284,1,2,1,5,0,1,2009,110000
206,11851,7,1990,1990,0,1424,1424,1442,2,3,1,5,0,2,2009,180500
207,13673,5,1962,1962,0,1140,1140,1696,1,3,1,8,1,1,2007,143900
208,12493,4,1960,1960,419,375,1100,1100,1,3,1,6,1,1,2008,141000
209,14364,7,1988,1989,1065,92,1157,2062,2,3,1,7,1,2,2007,277000
210,8250,6,1964,1964,787,305,1092,1092,1,3,1,6,0,2,2008,145000
211,5604,5,1925,1950,468,396,864,864,1,2,1,5,0,0,2008,98000
212,10420,6,2009,2009,36,1176,1212,1212,2,3,1,6,0,2,2010,186000
213,8640,7,2009,2009,822,78,900,1852,2,3,1,7,1,2,2009,252678
214,13568,5,1995,1995,716,274,990,990,1,3,1,5,0,2,2006,156000
215,10900,6,1977,1977,378,311,689,1392,1,3,1,6,0,1,2010,161750
216,10011,5,1957,1996,360,710,1070,1236,1,2,1,6,1,1,2006,134450
217,8450,7,2004,2004,946,490,1436,1436,2,3,1,8,0,2,2008,210000
218,9906,4,1925,1950,0,686,686,1328,1,3,1,8,0,1,2006,107000
219,15660,7,1939,2006,341,457,798,1954,1,3,1,8,2,2,2008,311500
220,3010,7,2005,2006,16,1232,1248,1248,2,2,1,5,0,2,2006,167240
221,8990,7,2006,2006,0,1498,1498,1498,2,2,1,5,0,2,2006,204900
222,8068,6,2002,2002,0,1010,1010,2267,2,4,1,8,1,2,2009,200000
223,11475,6,1975,1975,550,163,713,1552,2,3,1,6,1,2,2006,179900
224,10500,4,1971,1971,524,160,864,864,1,2,1,4,0,2,2009,97000
225,13472,10,2003,2003,56,2336,2392,2392,2,3,1,8,1,3,2009,386250
226,1680,5,1971,1971,0,630,630,1302,2,3,1,6,0,1,2009,112000
227,9950,7,1995,1995,565,638,1203,2520,2,4,1,9,1,3,2007,290000
228,1869,6,1970,1970,321,162,483,987,1,2,1,5,0,1,2008,106000
229,8521,5,1967,1967,842,70,912,912,1,3,1,5,1,1,2010,125000
230,3182,7,2005,2006,16,1357,1373,1555,2,2,1,7,1,2,2009,192500
231,8760,6,1959,1959,0,1194,1194,1194,1,3,1,6,0,1,2010,148000
232,15138,8,1995,1996,689,773,1462,2794,2,4,1,9,1,3,2009,403000
233,1680,6,1972,1972,0,483,483,987,1,2,1,5,1,1,2006,94500
234,10650,5,1976,1976,182,0,894,894,1,3,1,5,0,1,2010,128200
235,7851,6,2002,2002,625,235,860,1960,2,4,1,8,2,2,2010,216500
236,1680,6,1971,1971,358,125,483,987,1,2,1,5,0,1,2008,89500
237,8773,7,2004,2004,24,1390,1414,1414,2,3,1,6,0,2,2010,185500
238,9453,7,1993,2003,402,594,996,1744,2,3,1,7,0,2,2010,194500
239,12030,8,2007,2007,0,1694,1694,1694,2,3,1,7,0,3,2007,318000
240,8741,6,1945,1950,94,641,735,1487,1,3,1,7,1,1,2010,113000
241,9000,8,2008,2008,1078,488,1566,1566,2,3,1,7,0,2,2010,262500
242,3880,5,1945,1997,329,357,686,866,1,2,1,4,0,0,2007,110500
243,5000,5,1900,1950,0,540,540,1440,1,3,1,6,0,1,2006,79000
244,10762,6,1980,1980,0,626,626,1217,1,3,1,6,1,1,2009,120000
245,8880,7,1994,2002,695,253,948,2110,2,3,1,8,2,2,2010,205000
246,10400,7,1988,1988,929,916,1845,1872,2,3,1,6,1,2,2006,241500
247,9142,6,1910,1950,0,1020,1020,1928,2,4,2,9,0,1,2006,137000
248,11310,6,1954,1954,0,1367,1367,1375,1,2,1,5,1,2,2006,140000
249,11317,7,2003,2003,0,840,840,1668,2,3,1,8,0,2,2007,180000
250,159000,6,1958,2006,697,747,1444,2144,2,4,1,7,2,2,2007,277000
251,5350,3,1940,1966,0,728,728,1306,1,3,1,6,0,0,2010,76500
252,4750,8,2006,2007,1573,0,1573,1625,2,2,1,5,1,2,2007,235000
253,8366,6,2004,2004,0,798,798,1640,2,3,1,6,0,2,2008,173000
254,9350,6,1964,1991,270,452,1302,1302,2,3,1,7,0,1,2007,158000
255,8400,5,1957,1957,922,392,1314,1314,1,3,1,5,0,1,2010,145000
256,8738,7,1999,1999,0,975,975,2291,2,4,1,8,1,2,2006,230000
257,8791,6,2003,2003,503,361,864,1728,2,3,1,7,0,2,2008,207500
258,8814,7,2006,2006,1334,270,1604,1604,2,3,1,8,1,2,2009,220000
259,12435,7,2001,2001,361,602,963,1792,2,3,1,7,1,2,2008,231500
260,12702,5,1956,1956,0,0,0,882,1,2,1,4,0,1,2008,97000
261,19296,6,1962,1962,672,0,1362,1382,1,3,1,6,1,2,2009,176000
262,9588,8,2007,2007,0,1482,1482,2574,2,3,1,10,1,3,2007,276000
263,8471,6,1977,1995,506,0,506,1212,1,3,1,6,1,2,2006,151000
264,5500,5,1929,2001,234,0,926,1316,1,3,1,6,0,2,2010,130000
265,5232,5,1925,2004,0,680,680,764,1,2,1,4,0,2,2008,73000
266,12090,6,1981,1981,588,606,1422,1422,2,3,1,7,1,2,2008,175500
267,11207,6,1997,1997,714,88,802,1511,2,3,1,8,1,2,2006,185000
268,8400,5,1939,1997,378,342,720,2192,2,4,1,8,1,1,2008,179500
269,6900,5,1940,1955,403,212,740,778,1,2,1,4,1,1,2008,120500
270,7917,6,1976,1976,751,392,1143,1113,1,3,1,6,1,1,2007,148000
271,10728,8,2006,2006,0,1095,1095,1939,2,3,1,8,1,3,2006,266000
272,39104,7,1954,2005,226,96,1385,1363,1,2,1,5,2,2,2008,241500
273,11764,8,1999,2007,524,628,1152,2270,2,4,1,9,1,3,2010,290000
274,9600,6,1958,1988,620,0,1240,1632,2,3,1,6,1,1,2009,139000
275,8314,5,1982,1982,546,270,816,816,1,2,1,5,0,1,2007,124500
276,7264,7,1925,2007,0,952,952,1548,2,3,1,5,0,2,2009,205000
277,9196,7,2003,2003,0,1560,1560,1560,2,3,1,7,0,2,2010,201000
278,19138,4,1951,1951,120,744,864,864,1,2,1,4,0,2,2010,141000
279,14450,9,2006,2007,0,2121,2121,2121,2,3,1,8,1,3,2007,415298
280,10005,7,1977,1977,392,768,1160,2022,2,4,1,8,1,2,2008,192000
281,11287,7,1989,1989,421,386,807,1982,2,3,1,7,1,2,2007,228500
282,7200,6,2006,2006,905,357,1262,1262,2,2,1,5,0,2,2006,185000
283,5063,7,2007,2008,904,410,1314,1314,2,2,1,6,1,2,2009,207500
284,9612,8,2008,2009,0,1468,1468,1468,2,3,1,6,1,3,2009,244600
285,8012,6,1992,1992,430,1145,1575,1575,2,2,1,5,0,2,2007,179200
286,4251,7,2006,2007,0,625,625,1250,2,2,1,5,0,2,2007,164700
287,9786,6,1962,1981,600,312,912,1734,1,3,1,7,1,2,2006,159000
288,8125,4,1971,1971,614,244,858,858,1,3,1,5,0,0,2006,88000
289,9819,5,1967,1967,450,432,882,900,1,3,1,5,0,1,2010,122000
290,8730,6,1915,2003,0,698,698,1396,1,3,1,7,0,1,2007,153575
291,15611,8,2006,2006,0,1079,1079,1919,2,3,1,8,1,2,2006,233230
292,5687,5,1912,2000,210,570,780,1716,2,6,1,9,0,0,2008,135900
293,11409,5,1949,2008,292,476,768,1716,1,3,1,8,1,1,2009,131000
294,16659,7,1977,1994,795,0,795,2263,2,3,1,9,1,2,2006,235000
295,9600,6,1953,1953,1285,131,1416,1644,1,3,1,7,2,2,2009,167000
296,7937,6,1984,1984,819,184,1003,1003,1,3,1,6,0,2,2006,142500
297,13710,5,1950,1950,420,490,910,1558,1,4,1,6,0,1,2007,152000
298,7399,7,1997,1998,649,326,975,1950,2,3,1,7,1,2,2007,239000
299,11700,6,1968,1968,384,143,702,1743,1,3,1,7,1,2,2007,175000
300,14000,6,1950,2004,0,1092,1092,1152,1,3,1,6,1,1,2009,158500
301,15750,5,1953,1953,841,324,1165,1336,1,2,1,5,2,1,2006,157000
302,16226,8,1998,1999,281,747,1028,2452,2,4,1,9,1,2,2007,267000
303,13704,7,2001,2002,0,1541,1541,1541,2,3,1,6,1,3,2006,205000
304,9800,5,1972,1972,894,0,894,894,1,3,1,5,0,2,2006,149900
305,18386,7,1880,2002,0,1470,1470,3493,3,3,1,10,1,3,2008,295000
306,10386,8,2004,2005,1464,536,2000,2000,2,3,1,8,0,3,2007,305900
307,13474,7,1990,1991,700,0,700,2243,2,4,1,8,1,3,2007,225000
308,7920,6,1920,1950,0,319,319,1406,1,3,1,6,0,0,2008,89500
309,12342,4,1940,1950,262,599,861,861,1,1,1,4,0,2,2009,82500
310,12378,9,2003,2004,1274,622,1896,1944,2,3,1,8,3,3,2006,360000
311,7685,6,1993,1994,518,179,697,1501,2,3,1,6,1,2,2006,165600
312,8000,6,1948,2002,680,292,972,972,1,2,1,5,1,1,2009,132000
313,7800,5,1939,1950,507,286,793,1118,1,3,1,5,1,2,2006,119900
314,215245,7,1965,1965,1236,80,2136,2036,2,3,1,8,2,2,2009,375000
315,9600,7,1925,1990,16,712,728,1641,1,3,1,6,1,2,2006,178000
316,7795,7,2004,2005,425,291,716,1432,2,3,1,6,1,2,2009,188500
317,13005,7,1980,1980,692,153,845,2353,2,4,1,10,1,2,2009,260000
318,9000,8,2006,2006,0,1088,1088,1959,2,3,1,8,1,3,2007,270000
319,9900,7,1993,1993,987,360,1347,2646,2,4,1,9,1,3,2009,260000
320,14115,7,1980,1980,1036,336,1372,1472,2,3,1,6,2,2,2009,187500
321,16259,9,2006,2006,0,1249,1249,2596,3,4,1,9,0,3,2006,342643
322,12099,8,2004,2004,970,166,1136,2468,2,4,1,10,1,3,2007,354000
323,10380,7,1986,1987,28,0,1502,2730,2,4,1,8,1,2,2007,301000
324,5820,3,1955,2005,256,906,1162,1163,1,3,1,6,0,1,2006,126175
325,11275,7,1967,2007,0,710,710,2978,2,5,1,11,1,2,2010,242000
326,5000,5,1941,1950,116,604,720,803,1,2,1,5,0,2,2007,87000
327,10846,8,1993,1993,1619,100,1719,1719,1,1,1,6,2,2,2008,324000
328,11600,6,1960,1960,565,818,1383,1383,1,3,1,7,0,1,2006,145250
329,11888,6,1916,1994,0,844,844,2134,2,5,1,10,0,2,2009,214500
330,6402,5,1920,1950,0,596,596,1192,1,3,1,6,0,1,2009,78000
331,10624,5,1964,1964,40,1424,1728,1728,2,6,2,10,0,1,2007,119000
332,8176,5,1958,1992,846,210,1056,1056,1,3,1,6,0,1,2007,139000
333,10655,8,2003,2004,1124,1603,3206,1629,2,3,1,7,1,3,2009,284000
334,8198,7,2004,2004,720,638,1358,1358,2,2,1,6,1,2,2008,207000
335,9042,6,1998,1998,828,115,943,1638,2,3,1,7,2,2,2008,192000
336,164660,5,1965,1965,1249,103,1499,1786,2,3,1,7,2,2,2008,228950
337,14157,9,2005,2006,1249,673,1922,1922,2,3,1,8,1,3,2007,377426
338,9135,7,2002,2003,810,726,1536,1536,2,3,1,7,0,2,2008,214000
339,14145,7,1984,1998,213,995,1208,1621,2,3,1,8,0,2,2006,202500
340,12400,6,1958,1998,585,630,1215,1215,1,3,1,6,0,1,2009,155000
341,14191,8,2002,2002,0,967,967,1908,2,4,1,9,0,2,2010,202900
342,8400,4,1950,1950,0,721,721,841,1,2,1,4,0,1,2009,82000
343,8544,3,1949,1950,0,0,0,1040,2,2,2,6,0,2,2006,87500
344,8849,9,2005,2005,28,1656,1684,1684,2,2,1,6,1,2,2008,266000
345,2592,5,1976,1976,129,175,536,1112,1,3,1,4,0,1,2010,85000
346,6435,6,1939,1950,0,972,972,1577,1,3,1,6,1,1,2006,140200
347,12772,6,1960,1998,498,460,958,958,1,2,1,5,0,1,2007,151500
348,17600,6,1960,1960,1270,208,1478,1478,2,3,1,6,2,2,2009,157500
349,2448,7,2003,2004,573,191,764,1626,2,2,1,6,0,2,2008,154000
350,20431,9,2005,2006,1410,438,1848,2728,2,4,1,10,2,3,2006,437154
351,7820,9,2007,2007,0,1869,1869,1869,2,2,1,6,1,2,2007,318061
352,5271,7,1986,1986,1082,371,1453,1453,1,2,1,6,1,2,2006,190000
353,9084,5,1941,1950,236,0,616,1111,1,3,1,5,0,1,2008,95000
354,8520,6,1928,2003,0,624,624,720,1,2,1,5,0,2,2010,105900
355,8400,6,1940,2000,388,552,940,1595,1,2,1,6,2,1,2006,140000
356,11249,6,1995,1995,334,322,1200,1200,2,3,1,6,0,2,2007,177500
357,9248,6,1992,1992,560,598,1158,1167,2,3,1,6,0,2,2009,173000
358,4224,5,1976,1976,874,268,1142,1142,1,3,1,6,1,2,2007,134000
359,6930,5,1958,1958,300,468,1062,1352,1,3,1,6,0,1,2006,130000
360,12011,8,1998,1998,956,130,1086,1924,2,3,1,7,1,2,2006,280000
361,7540,6,1978,1978,773,115,888,912,1,2,1,5,1,2,2007,156000
362,9144,5,1940,1982,399,484,883,1505,1,3,1,8,0,1,2008,145000
363,7301,7,2003,2003,0,0,0,1922,3,4,1,7,1,2,2009,198500
364,1680,6,1972,2007,162,321,483,987,1,2,1,5,0,1,2009,118000
365,18800,6,1976,1976,712,84,796,1574,2,3,1,6,1,2,2006,190000
366,10690,5,1920,1997,456,216,672,1344,1,3,1,6,0,1,2009,147000
367,9500,6,1963,1963,609,785,1394,1394,1,3,1,6,2,2,2009,159000
368,9150,6,1962,1962,371,728,1099,1431,1,3,1,6,1,1,2008,165000
369,7800,5,1954,1954,540,728,1268,1268,1,2,1,7,1,1,2010,132000
370,9830,5,1959,2006,72,733,1063,1287,1,3,1,7,1,2,2010,162000
371,8121,6,2000,2000,0,953,953,1664,2,3,1,7,1,2,2006,172400
372,17120,4,1959,1959,0,0,0,1588,2,4,1,7,1,2,2008,134432
373,7175,6,1984,1984,623,0,744,752,1,2,1,4,0,1,2010,125000
374,10634,5,1953,1953,428,0,608,1319,1,3,1,5,0,1,2009,123000
375,8200,7,2003,2004,0,847,847,1928,2,4,1,8,1,2,2007,219500
376,10020,1,1922,1950,350,333,683,904,0,1,1,4,0,0,2009,61000
377,8846,5,1996,1996,298,572,870,914,1,2,1,5,0,2,2006,148000
378,11143,8,2004,2005,0,1580,1580,2466,3,4,1,8,1,2,2007,340000
379,11394,9,2010,2010,1445,411,1856,1856,1,1,1,8,1,3,2010,394432
380,8123,6,2000,2000,0,982,982,1800,2,3,1,7,1,2,2009,179000
381,5000,5,1924,1950,218,808,1026,1691,2,3,1,6,1,1,2010,127000
382,7200,7,2006,2006,0,1293,1293,1301,2,2,1,5,1,2,2006,187750
383,9245,7,2006,2006,0,939,939,1797,2,3,1,8,0,2,2007,213500
384,9000,6,1928,1950,0,784,784,784,1,2,1,5,0,2,2009,76000
385,53107,6,1992,1992,985,595,1580,1953,2,3,1,9,2,2,2007,240000
386,3182,8,2004,2005,24,1232,1256,1269,2,2,1,6,1,2,2010,192000
387,8410,5,1910,1996,0,658,658,1184,1,5,1,8,0,0,2006,81000
388,7200,6,1976,1976,631,410,1041,1125,1,3,1,6,1,1,2009,125000
389,9382,7,1999,2000,0,1468,1468,1479,2,3,1,6,0,2,2008,191000
390,12474,10,2007,2008,1280,402,1682,2332,2,3,1,9,1,3,2008,426000
391,8405,5,1900,1950,241,229,861,1367,1,4,1,7,0,1,2008,119000
392,12209,6,2001,2002,690,114,804,1961,2,3,1,7,1,2,2009,215000
393,8339,5,1959,1959,0,0,0,882,1,3,1,5,0,1,2007,106500
394,7446,4,1941,1950,266,522,788,788,1,2,1,4,2,0,2006,100000
395,10134,5,1940,1950,0,735,735,1034,1,2,1,5,0,1,2007,109000
396,9571,5,1956,1956,739,405,1144,1144,1,3,1,6,0,1,2010,129000
397,7200,5,1972,1972,777,117,894,894,1,2,1,6,0,2,2009,123000
398,7590,5,1962,1962,540,324,864,1812,2,4,1,8,1,1,2007,169500
399,8967,5,1920,1950,0,961,961,1077,1,2,1,6,0,1,2007,67000
400,8125,7,2006,2007,812,280,1092,1550,2,2,1,7,0,2,2009,241000
401,14963,8,1996,1996,786,474,1260,1288,1,1,1,4,2,2,2008,245500
402,8767,7,2005,2005,24,1286,1310,1310,2,3,1,6,1,2,2006,164990
403,10200,5,1940,1997,0,672,672,672,1,2,1,4,0,1,2008,108000
404,12090,8,1998,1998,0,1141,1141,2263,2,4,1,10,1,2,2006,258000
405,10364,6,1995,1996,0,806,806,1572,2,3,1,7,1,2,2007,168000
406,9991,4,1976,1993,1116,165,1281,1620,2,3,1,8,1,2,2009,150000
407,10480,6,1936,1950,0,1064,1064,1639,1,3,1,6,0,1,2008,115000
408,15576,6,1915,1976,0,840,840,1680,2,4,1,8,0,1,2008,177000
409,14154,7,2006,2006,0,1063,1063,2172,2,3,1,9,1,3,2007,280000
410,10800,8,2007,2008,789,245,1034,2078,2,3,1,8,1,3,2008,339750
411,9571,5,1958,1958,0,1276,1276,1276,1,3,1,5,0,1,2009,60000
412,34650,5,1955,1955,1056,0,1056,1056,1,3,1,5,0,2,2006,145000
413,4403,7,2009,2009,578,892,1470,1478,2,2,1,7,1,2,2010,222000
414,8960,5,1927,1950,0,1008,1008,1028,1,2,1,5,1,2,2010,115000
415,11228,7,1993,1993,50,499,1080,2097,2,3,1,9,1,3,2008,228000
416,8899,7,2007,2007,24,1316,1340,1340,2,3,1,6,0,2,2007,181134
417,7844,6,1978,1978,209,463,672,1400,1,3,1,6,1,2,2006,149500
418,22420,6,1918,1950,1128,242,1370,2624,2,4,1,10,1,3,2007,239000
419,8160,5,1940,1950,312,444,756,1134,1,3,1,7,0,1,2007,126000
420,8450,5,1968,1968,775,281,1056,1056,1,3,1,6,1,1,2010,142000
421,7060,7,1997,1998,1309,35,1344,1344,2,2,2,8,0,4,2008,206300
422,16635,6,1977,2000,1246,356,1602,1602,2,3,1,8,1,2,2009,215000
423,21750,5,1954,1954,0,988,988,988,1,2,1,4,0,2,2008,113000
424,9200,8,1998,1998,986,484,1470,2630,2,4,1,8,1,3,2008,315000
425,9000,6,1956,1956,616,580,1196,1196,1,2,1,6,1,1,2008,139000
426,3378,7,1946,1992,0,651,651,1389,1,3,1,6,2,1,2009,135000
427,12800,7,1989,1989,1518,0,1518,1644,2,2,1,5,1,2,2009,275000
428,8593,4,1957,1957,288,619,907,907,1,3,1,5,0,1,2008,109008
429,6762,7,2007,2007,664,544,1208,1208,2,2,1,6,0,2,2007,195400
430,11457,6,1988,1988,1005,387,1392,1412,2,3,1,6,1,2,2009,175000
431,1680,6,1971,1971,387,96,483,987,1,2,1,4,0,1,2008,85400
432,5586,6,1920,1998,0,901,901,1198,1,4,1,7,0,0,2008,79900
433,1920,5,1971,1971,471,294,765,1365,1,2,1,6,0,2,2007,122500
434,10839,6,1997,1998,0,926,926,1604,2,3,1,7,1,2,2008,181000
435,1890,4,1972,1972,495,135,630,630,1,1,1,3,0,0,2008,81000
436,10667,7,1996,1996,385,70,799,1661,2,3,1,6,1,2,2009,212000
437,4400,6,1920,1950,0,648,648,1118,1,2,1,6,0,2,2006,116000
438,6000,6,1926,2004,0,884,884,904,1,2,1,4,0,1,2009,119000
439,4280,5,1913,2002,365,75,440,694,1,2,1,4,1,1,2007,90350
440,12354,6,1920,2000,0,684,684,1196,1,3,1,7,0,2,2009,110000
441,15431,10,2008,2008,1767,788,3094,2402,2,2,1,10,2,3,2009,555000
442,12108,4,1955,1955,133,1307,1440,1440,2,4,2,8,0,0,2008,118000
443,6240,5,1930,1992,0,1078,1078,1573,2,3,1,8,1,2,2008,162900
444,3922,7,2006,2007,0,1258,1258,1258,2,2,1,6,1,3,2007,172500
445,8750,7,1994,1995,642,273,915,1908,2,4,1,8,1,2,2008,210000
446,9855,6,1956,1956,0,1436,1436,1689,1,3,1,7,1,2,2009,127500
447,16492,6,1966,2002,247,557,1517,1888,2,2,1,6,1,2,2010,190000
448,11214,7,1998,1999,0,930,930,1886,2,4,1,10,1,2,2006,199900
449,8600,6,1937,1950,0,780,780,1376,2,3,1,7,1,1,2006,119500
450,6000,3,1948,2002,331,318,649,1183,1,2,1,6,0,1,2007,120000
451,5684,6,1930,2005,0,813,813,813,1,2,1,5,0,1,2006,110000
452,70761,7,1975,1975,655,878,1533,1533,2,2,1,5,2,2,2006,280000
453,9303,6,1996,1997,742,130,872,1756,2,3,1,7,0,2,2007,204000
454,9000,8,2008,2008,0,768,768,1590,2,3,1,6,0,2,2009,210000
455,9297,5,1976,1976,1606,122,1728,1728,2,4,2,8,0,2,2006,188000
456,9600,7,1973,1973,916,326,1242,1242,1,3,1,6,1,2,2007,175500
457,4571,5,1916,1950,0,624,624,1344,1,4,1,7,0,3,2008,98000
458,53227,4,1954,1994,1116,248,1364,1663,1,2,1,6,2,2,2008,256000
459,5100,8,1925,1996,0,588,588,1666,1,3,1,7,1,1,2008,161000
460,7015,5,1950,1950,185,524,709,1203,1,3,1,5,1,1,2009,110000
461,8004,8,2009,2009,544,288,832,1935,2,3,1,8,0,2,2009,263435
462,7200,7,1936,2007,350,0,560,1135,1,3,1,6,0,2,2009,155000
463,8281,5,1965,1965,553,0,864,864,1,3,1,5,1,1,2009,62383
464,11988,6,1934,1995,326,389,715,1660,1,3,1,6,1,1,2008,188700
465,8430,5,1978,1978,616,424,1040,1040,2,3,1,5,0,0,2009,124000
466,3072,7,2004,2004,0,1375,1375,1414,2,2,1,6,1,2,2006,178740
467,10628,7,1970,1970,778,499,1277,1277,1,2,1,5,1,2,2007,167000
468,9480,5,1942,1995,386,342,728,1644,1,3,1,7,2,1,2007,146500
469,11428,8,2006,2006,0,1626,1626,1634,2,3,1,7,1,3,2007,250000
470,9291,6,1993,1993,426,406,832,1710,2,3,1,7,0,2,2008,187000
471,6820,8,1985,1985,368,0,1488,1502,1,1,1,4,0,2,2010,212000
472,11952,7,1977,1977,0,808,808,1969,2,3,1,8,1,2,2007,190000
473,3675,6,2005,2005,459,88,547,1072,1,2,1,5,0,2,2008,148000
474,14977,8,2006,2007,1350,626,1976,1976,2,2,1,7,1,3,2007,440000
475,5330,8,2000,2000,1196,298,1494,1652,2,2,1,6,0,2,2007,251000
476,8480,5,1963,1963,630,340,970,970,1,2,1,5,0,2,2007,132500
477,13125,6,1997,1998,994,484,1478,1493,2,3,1,7,1,2,2008,208900
478,13693,9,2006,2006,0,2153,2153,2643,2,3,1,9,1,3,2007,380000
479,10637,8,2007,2008,1288,417,1705,1718,2,3,1,7,1,3,2009,297000
480,5925,4,1937,2000,168,739,907,1131,1,2,1,7,0,2,2007,89471
481,16033,9,2004,2005,1261,572,1833,1850,2,3,1,8,1,3,2006,326000
482,11846,9,2003,2004,1567,225,1792,1792,2,2,1,6,1,3,2006,374000
483,2500,7,1915,2005,299,611,910,1826,1,4,1,7,1,1,2009,155000
484,4500,6,1998,1998,897,319,1216,1216,2,2,1,5,0,2,2006,164000
485,7758,5,1962,2001,588,411,999,999,1,3,1,6,0,1,2007,132500
486,9600,5,1950,2007,607,506,1113,1113,1,3,1,5,1,1,2009,147000
487,10289,5,1965,1965,836,237,1073,1073,1,3,1,6,0,2,2007,156000
488,12243,5,1971,1971,998,486,1484,1484,2,3,1,7,1,2,2007,175000
489,10800,5,1900,1970,664,290,954,2414,2,3,2,10,1,2,2006,160000
490,1526,4,1970,2002,515,115,630,630,1,1,1,3,0,1,2009,86000
491,2665,5,1976,1976,0,264,264,1304,1,3,1,4,1,1,2008,115000
492,9490,6,1941,1950,403,238,806,1578,1,3,1,5,2,1,2006,133000
493,15578,6,2006,2006,0,728,728,1456,2,3,1,8,0,2,2006,172785
494,7931,5,1960,1960,374,363,1269,1269,1,3,1,6,1,1,2008,155000
495,5784,5,1938,1996,0,190,190,886,1,2,1,4,0,1,2009,91300
496,7879,4,1920,1950,495,225,720,720,1,2,1,4,0,0,2009,34900
497,12692,8,1992,1993,1231,1969,3200,3228,3,4,1,10,1,2,2007,430000
498,9120,7,1925,1950,329,697,1026,1820,2,4,1,8,0,1,2008,184000
499,7800,5,1967,2004,450,414,864,899,1,3,1,5,0,1,2009,130000
500,7535,5,1958,1985,111,522,912,912,1,2,1,5,0,1,2007,120000
501,1890,6,1973,1973,356,316,672,1218,1,3,1,7,0,1,2007,113000
502,9803,7,2005,2005,400,466,866,1768,2,3,1,7,0,2,2008,226700
503,9170,5,1965,1965,698,420,1214,1214,1,2,1,6,0,2,2007,140000
504,15602,7,1959,1997,1247,254,1501,1801,2,1,1,6,2,2,2010,289000
505,2308,6,1974,1974,257,103,855,1322,2,3,1,6,1,2,2009,147000
506,7596,5,1952,1952,0,960,960,1960,2,4,2,10,0,2,2009,124500
507,9554,8,1993,1994,380,397,777,1911,2,3,1,8,1,2,2006,215000
508,7862,6,2009,2009,27,1191,1218,1218,2,2,1,4,0,2,2009,208300
509,9600,7,1928,2005,141,548,689,1378,2,3,1,7,1,2,2008,161000
510,9600,5,1959,1959,991,50,1041,1041,1,3,1,6,0,1,2009,124500
511,14559,5,1951,2000,650,178,1008,1363,1,2,1,6,2,1,2009,164900
512,6792,7,2005,2006,0,1368,1368,1368,2,2,1,6,1,2,2006,202665
513,9100,5,1958,1958,521,169,864,864,1,3,1,5,0,2,2006,129900
514,9187,6,1983,1983,336,748,1084,1080,1,3,1,5,0,2,2007,134000
515,10594,5,1926,1950,0,768,768,789,1,2,1,5,0,1,2007,96500
516,12220,10,2009,2009,1436,570,2006,2020,2,3,1,9,1,3,2009,402861
517,10448,6,1972,1972,0,689,689,2119,2,3,1,7,1,2,2009,158000
518,10208,7,1996,1997,0,1264,1264,2344,2,3,1,7,1,3,2009,265000
519,9531,6,1998,1998,706,88,794,1796,2,3,1,7,0,2,2007,211000
520,10918,7,1926,2004,0,1276,1276,2080,1,3,1,9,2,1,2009,234000
521,10800,4,1900,2000,0,0,0,1294,2,3,2,7,0,0,2008,106250
522,11988,6,1957,1957,777,467,1244,1244,1,3,1,6,2,1,2007,150000
523,5000,6,1947,1950,399,605,1004,1664,2,3,1,7,2,2,2006,159000
524,40094,10,2007,2008,2260,878,3138,4676,3,3,1,11,1,3,2007,184750
525,11787,7,1996,1997,719,660,1379,2398,2,3,1,8,1,3,2007,315750
526,7500,7,2005,2005,0,1257,1257,1266,2,3,1,6,1,2,2006,176000
527,13300,5,1956,2000,377,551,928,928,1,2,1,4,0,1,2007,132000
528,14948,9,2008,2008,1330,122,1452,2713,2,3,1,11,1,3,2008,446261
529,9098,4,1920,2002,348,180,528,605,1,2,1,5,0,0,2007,86000
530,32668,6,1957,1975,1219,816,2035,2515,3,4,2,9,2,2,2007,200624
531,10200,6,1988,1989,783,678,1461,1509,2,3,1,5,1,2,2008,175000
532,6155,6,1920,1999,0,611,611,1362,2,3,1,6,0,2,2008,128000
533,7200,5,1955,2007,0,0,0,827,1,2,1,5,1,1,2010,107500
534,5000,1,1946,1950,0,0,0,334,1,1,1,2,0,0,2007,39300
535,9056,8,2004,2004,0,707,707,1414,2,3,1,6,1,2,2006,178000
536,7000,5,1910,1991,969,148,1117,1347,1,3,1,5,0,0,2008,107500
537,8924,7,1998,1999,0,880,880,1724,2,3,1,8,0,2,2008,188000
538,12735,4,1972,1972,600,264,864,864,1,3,1,5,0,2,2008,111250
539,11553,5,1968,1968,673,378,1051,1159,1,3,1,7,1,1,2006,158000
540,11423,8,2001,2002,1358,223,1581,1601,2,3,1,6,1,2,2010,272000
541,14601,9,2006,2006,1260,578,1838,1838,2,2,1,8,1,3,2009,315000
542,11000,8,2000,2000,0,969,969,2285,2,4,1,8,1,3,2007,248000
543,10140,7,1998,1999,144,379,1650,1680,2,3,1,7,1,2,2009,213250
544,4058,7,1998,1998,584,0,723,767,1,1,1,4,0,1,2007,133000
545,17104,7,2006,2006,554,100,654,1496,2,3,1,7,1,2,2006,179665
546,13837,7,1988,1988,1002,0,1204,2183,2,4,1,9,0,3,2006,229000
547,8737,6,1923,1950,300,765,1065,1635,1,3,1,6,1,2,2007,210000
548,7244,5,1970,1970,619,149,768,768,1,2,1,5,0,2,2007,129500
549,8235,5,1955,1995,180,0,825,825,1,2,1,4,0,2,2008,125000
550,9375,7,2003,2004,0,912,912,2094,2,4,1,8,1,2,2009,263000
551,4043,6,1977,1977,559,510,1069,1069,2,2,1,4,0,2,2008,140000
552,6000,5,1957,1957,308,620,928,928,1,3,1,5,0,1,2008,112500
553,11146,8,2006,2006,0,1709,1709,1717,2,3,1,7,1,3,2009,255500
554,8777,4,1949,2003,0,0,0,1126,2,2,1,5,0,2,2009,108000
555,10625,7,2003,2004,866,132,998,2046,2,3,1,8,1,3,2008,284000
556,6380,5,1922,1950,0,993,993,1048,1,2,1,5,1,1,2006,113000
557,14850,5,1957,1957,895,197,1092,1092,1,2,1,6,1,1,2006,141000
558,11040,4,1920,1950,637,0,637,1336,1,3,1,7,0,1,2006,108000
559,21872,7,1996,1997,604,125,729,1446,2,3,1,6,1,2,2008,175000
560,3196,7,2003,2004,0,1374,1374,1557,2,2,1,7,1,2,2006,234000
561,11341,5,1957,1996,1302,90,1392,1392,1,3,1,5,1,2,2010,121500
562,10010,5,1974,1975,1071,195,1389,1389,1,2,1,6,1,2,2006,170000
563,13907,5,1940,1969,290,706,996,996,1,3,1,6,1,0,2008,108000
564,21780,6,1918,1950,0,1163,1163,1674,2,4,1,8,1,2,2008,185000
565,13346,7,1992,2000,728,367,1095,2295,2,4,1,9,1,2,2006,268000
566,6858,6,1915,1950,0,806,806,1647,1,4,1,6,0,1,2010,128000
567,11198,9,2005,2007,0,1122,1122,2504,2,4,1,11,1,3,2008,325000
568,10171,7,2004,2004,2,1515,1517,1535,2,3,1,7,0,2,2010,214000
569,12327,8,1983,2009,1441,55,1496,2132,1,1,1,5,1,2,2009,316600
570,7032,5,1979,1979,943,0,943,943,1,2,1,4,2,2,2006,135960
571,13101,5,1965,1965,231,1497,1728,1728,2,6,2,10,0,2,2008,142600
572,7332,6,1959,1959,414,450,864,864,1,2,1,4,0,1,2006,120000
573,13159,7,2009,2009,0,846,846,1692,2,3,1,6,0,2,2009,224500
574,9967,7,2000,2000,0,384,384,1430,2,3,1,8,1,2,2007,170000
575,10500,5,1971,2005,349,23,372,1109,1,3,1,5,0,1,2007,139000
576,8480,5,1947,1950,442,390,832,1216,1,2,1,6,0,1,2008,118500
577,6292,7,1928,1950,0,861,861,1477,2,3,1,6,1,1,2009,145000
578,11777,5,1966,1966,328,285,1164,1320,1,3,1,6,2,2,2006,164500
579,3604,7,2007,2007,0,689,689,1392,2,2,1,5,0,2,2008,146000
580,12150,5,1954,1954,0,1050,1050,1795,2,4,1,7,0,1,2008,131500
581,14585,6,1960,1987,594,331,1144,1429,1,3,1,7,2,2,2007,181900
582,12704,8,2008,2009,0,2042,2042,2042,2,3,1,8,1,3,2009,253293
583,11841,6,1990,1990,816,0,816,816,1,3,1,5,0,0,2007,118500
584,13500,10,1893,2000,0,1237,1237,2775,3,3,1,9,1,2,2008,325000
585,6120,4,1935,1995,0,884,884,1573,1,3,1,6,0,1,2009,133000
586,11443,8,2005,2006,1460,408,1868,2028,2,2,1,7,2,3,2006,369900
587,10267,6,1918,2000,210,0,816,838,1,2,1,5,0,1,2008,130000
588,8740,5,1982,1982,672,168,840,860,1,2,1,4,0,2,2009,137000
589,25095,5,1968,2003,1324,113,1437,1473,1,1,1,5,2,1,2009,143000
590,9100,5,1930,1960,0,742,742,935,1,2,1,4,0,1,2008,79500
591,8320,7,2004,2004,490,280,770,1582,2,3,1,6,0,2,2008,185900
592,13478,10,2008,2008,1338,384,1722,2296,2,3,1,10,1,3,2009,451950
593,6600,5,1982,2003,816,0,816,816,1,2,1,4,0,2,2008,138000
594,4435,6,2003,2003,685,163,848,848,1,1,1,4,0,2,2009,140000
595,7990,5,1975,1975,0,924,924,924,1,3,1,5,0,1,2008,110000
596,11302,8,2005,2006,1422,392,1814,1826,2,3,1,7,1,3,2006,319000
597,3600,6,1910,1993,0,684,684,1368,1,3,1,7,0,1,2006,114504
598,3922,7,2006,2007,0,1258,1258,1402,0,2,1,7,1,3,2007,194201
599,12984,5,1977,1977,1283,0,1430,1647,2,3,1,7,1,2,2006,217500
600,1950,6,1980,1980,81,23,716,1556,2,3,1,6,1,2,2008,151000
601,10927,8,2005,2005,546,512,1058,1904,2,3,1,8,1,2,2006,275000
602,9000,6,1937,1950,0,780,780,1375,1,3,1,6,1,1,2007,141000
603,10041,8,1992,1992,789,119,908,1915,2,3,1,8,1,2,2006,220000
604,3182,7,2004,2005,0,600,600,1200,2,2,1,4,0,2,2010,151000
605,12803,7,2002,2002,922,572,1494,1494,2,3,1,6,1,2,2008,221000
606,13600,7,1965,1990,454,314,768,1986,2,3,1,7,3,2,2009,205000
607,12464,5,1996,1996,732,308,1040,1040,1,3,1,6,0,2,2009,152000
608,7800,5,1948,2002,603,293,896,2008,3,3,1,8,0,1,2006,225000
609,12168,8,1934,1998,428,537,965,3194,2,4,1,10,2,2,2007,359100
610,7943,4,1961,1961,903,126,1029,1029,1,3,1,5,0,1,2007,118500
611,11050,9,2000,2000,904,536,1440,2153,2,3,1,8,2,3,2009,313000
612,10395,6,1978,1978,605,427,1032,1032,2,3,1,6,1,2,2007,148000
613,11885,8,2001,2001,990,309,1299,1872,2,3,1,7,1,2,2009,261500
614,8402,5,2007,2007,206,914,1120,1120,1,3,1,6,0,0,2007,147000
615,1491,4,1972,1972,150,0,630,630,1,1,1,3,0,0,2010,75500
616,8800,6,1963,1963,763,173,936,1054,1,3,1,6,0,2,2010,137500
617,7861,6,2002,2003,457,326,783,1509,2,3,1,7,1,2,2006,183200
618,7227,6,1954,1954,0,832,832,832,1,2,1,4,0,2,2008,105500
619,11694,9,2007,2007,48,1774,1822,1828,2,3,1,9,1,3,2007,314813
620,12244,8,2003,2003,871,611,1482,2262,2,4,1,10,2,3,2008,305000
621,8248,3,1914,1950,41,823,864,864,1,2,1,5,0,0,2008,67000
622,10800,6,1974,1997,956,384,1522,2614,2,4,1,9,1,2,2008,240000
623,7064,5,1977,1977,560,420,980,980,1,3,1,6,0,2,2009,135000
624,2117,6,2000,2000,420,336,756,1512,2,2,1,4,1,2,2007,168500
625,10400,6,1972,1972,247,485,732,1790,1,4,1,8,1,2,2006,165150
626,10000,6,1962,1962,0,1116,1116,1116,1,3,1,5,0,2,2010,160000
627,12342,5,1960,1978,0,978,978,1422,1,3,1,6,1,1,2007,139900
628,9600,6,1955,1972,674,350,1156,1520,1,3,1,7,2,1,2010,153000
629,11606,5,1969,1969,650,390,1040,2080,1,5,1,9,2,2,2007,135000
630,9020,6,1964,1964,624,288,1248,1350,1,3,1,6,0,2,2008,168500
631,9000,5,1880,1991,0,636,636,1750,1,3,1,8,0,1,2006,124000
632,4590,8,2006,2006,24,1530,1554,1554,2,2,1,6,1,2,2007,209500
633,11900,7,1977,1977,822,564,1386,1411,2,3,1,6,1,2,2009,82500
634,9250,5,1954,2005,480,108,1056,1056,1,3,1,6,0,1,2007,139400
635,6979,6,1980,1980,1056,0,1056,1056,0,0,2,4,0,2,2010,144000
636,10896,6,1914,1995,256,1184,1440,3395,2,8,2,14,0,0,2007,200000
637,6120,2,1936,1950,0,264,264,800,1,1,1,4,1,0,2009,60000
638,6000,5,1954,1954,0,811,811,1387,2,3,2,7,0,1,2009,93000
639,8777,5,1910,1950,0,796,796,796,1,2,1,4,0,0,2008,85000
640,3982,8,2006,2006,1154,366,1520,1567,2,1,1,7,1,3,2006,264561
641,12677,8,2003,2004,1218,300,1518,1518,1,1,1,6,1,2,2008,274000
642,7050,7,2001,2001,738,319,1057,1929,2,3,1,7,1,2,2007,226000
643,13860,8,1972,1995,1410,542,1952,2704,2,4,1,9,3,2,2009,345000
644,10793,5,1969,1969,493,0,780,1620,2,4,1,7,0,2,2007,152000
645,9187,9,2009,2009,1121,645,1766,1766,2,2,1,7,1,3,2009,370878
646,10530,6,1971,1971,282,664,981,981,1,3,1,5,0,2,2007,143250
647,7200,5,1950,1950,0,0,0,1048,1,3,1,7,0,2,2008,98300
648,10452,6,1953,1953,500,594,1094,1094,1,3,1,5,2,2,2008,155000
649,7700,6,1966,1966,0,756,756,1839,1,4,1,7,1,2,2010,155000
650,1936,4,1970,1970,131,0,630,630,1,1,1,3,0,0,2007,84500
651,8125,7,2007,2007,0,813,813,1665,2,3,1,7,0,2,2008,205950
652,9084,4,1940,1950,0,755,755,1510,1,4,1,7,1,1,2009,108000
653,8750,7,1996,1996,0,880,880,1716,2,2,1,7,1,2,2009,191000
654,10320,6,1906,1995,0,756,756,1469,1,3,1,7,0,1,2008,135000
655,10437,8,1995,1995,1696,413,2109,2113,2,2,1,7,1,3,2008,350000
656,1680,6,1971,1971,0,525,525,1092,1,3,1,6,0,1,2010,88000
657,10007,5,1959,2006,806,247,1053,1053,1,3,1,5,0,1,2008,145500
658,7200,7,1931,2000,0,776,776,1502,1,3,1,6,1,1,2008,149000
659,17503,6,1948,1950,0,912,912,1458,1,3,1,6,1,1,2010,97500
660,9937,5,1964,1999,637,849,1486,1486,1,3,1,7,0,2,2009,167000
661,12384,7,1976,1976,0,793,793,1935,2,3,1,7,1,2,2007,197900
662,46589,8,1994,2005,1361,88,1629,2448,2,4,1,8,1,3,2009,402000
663,13560,6,1968,1968,0,1392,1392,1392,1,2,1,5,2,2,2009,110000
664,10012,4,1972,1972,920,38,1138,1181,2,3,1,6,0,2,2008,137500
665,20896,8,2005,2006,1721,356,2077,2097,1,1,1,8,1,3,2006,423000
666,11194,8,2000,2000,0,1406,1406,1936,2,3,1,7,1,2,2006,230500
667,18450,6,1965,1979,187,111,1021,2380,2,3,1,7,1,2,2007,129000
668,8125,6,1994,1998,1138,270,1408,1679,2,3,1,7,1,2,2008,193500
669,14175,5,1956,1987,988,200,1188,1437,1,3,1,6,1,2,2006,168000
670,11600,4,1922,1950,0,700,700,1180,1,2,1,5,1,1,2006,137500
671,8633,6,2005,2005,193,545,738,1476,2,3,1,7,0,2,2009,173500
672,6629,6,1925,1950,551,121,672,1369,2,3,1,6,0,1,2009,103600
673,11250,6,1977,1977,767,441,1208,1208,1,3,1,6,1,2,2006,165000
674,14442,6,1957,2004,1186,291,1477,1839,2,3,1,7,2,2,2007,257500
675,9200,6,1965,1965,892,244,1136,1136,1,3,1,5,1,1,2008,140000
676,2289,6,1978,1978,311,544,855,1441,2,3,1,7,1,2,2009,148500
677,9600,4,1900,1950,0,1095,1095,1774,2,4,2,8,0,3,2006,87000
678,9022,5,1924,2006,0,768,768,792,1,2,1,5,0,1,2009,109500
679,11844,8,2008,2008,0,2046,2046,2046,2,3,1,7,1,3,2009,372500
680,9945,5,1961,1961,827,161,988,988,1,3,1,5,0,2,2007,128500
681,8012,6,1980,1980,543,261,923,923,2,2,1,5,1,1,2010,143000
682,4500,5,1932,2000,182,611,793,1520,1,3,1,6,0,1,2009,159434
683,2887,6,1996,1997,1003,288,1291,1291,1,2,1,6,1,2,2008,173000
684,11248,9,2002,2002,1059,567,1626,1668,2,3,1,7,1,3,2007,285000
685,16770,7,1998,1998,0,1195,1195,1839,2,4,1,7,0,2,2010,221000
686,5062,7,1984,1984,828,180,1190,2090,2,3,1,6,1,2,2007,207500
687,10207,7,2007,2007,0,874,874,1761,3,3,1,7,0,2,2007,227875
688,5105,7,2004,2004,239,312,551,1102,2,2,1,4,0,2,2007,148800
689,8089,8,2007,2007,945,474,1419,1419,2,2,1,7,1,2,2007,392000
690,7577,6,2005,2006,20,1342,1362,1362,2,2,1,6,1,2,2007,194700
691,4426,6,2004,2004,697,151,848,848,1,1,1,3,1,2,2008,141000
692,21535,10,1994,1995,1455,989,2444,4316,3,4,1,10,2,3,2007,755000
693,26178,7,1989,1990,965,245,1210,2519,2,4,1,9,2,2,2006,335000
694,5400,5,1921,1968,0,1073,1073,1073,1,2,1,4,0,1,2006,108480
695,6120,5,1936,1950,0,927,927,1539,1,3,1,5,0,2,2009,141500
696,13811,6,1987,1987,980,92,1112,1137,2,2,1,5,1,2,2006,176000
697,6000,5,1921,1950,616,0,616,616,1,2,1,4,0,1,2006,89000
698,6420,5,1952,1952,210,219,980,1148,1,2,1,6,0,1,2006,123500
699,8450,5,1965,2009,553,224,894,894,1,3,1,5,1,1,2010,138500
700,4282,7,2004,2004,16,1375,1391,1391,2,2,1,5,0,2,2008,196000
701,14331,8,2002,2002,1274,526,1800,1800,2,3,1,7,1,3,2006,312500
702,9600,7,1969,1969,0,1164,1164,1164,1,3,1,6,0,2,2006,140000
703,12438,8,2006,2006,0,1234,1234,2576,2,4,1,10,1,3,2006,361919
704,7630,5,1900,1996,0,360,360,1812,2,4,2,8,1,2,2010,140000
705,8400,7,2004,2005,712,761,1473,1484,2,3,1,7,0,2,2010,213000
706,5600,4,1930,1950,0,0,0,1092,2,3,2,7,0,0,2010,55000
707,115149,7,1971,2002,1219,424,1643,1824,2,2,1,5,2,2,2007,302000
708,6240,8,2006,2006,863,461,1324,1324,2,2,1,6,1,2,2009,254000
709,9018,7,2007,2007,0,728,728,1456,2,3,1,8,1,2,2007,179540
710,7162,5,1966,1966,0,876,876,904,1,3,1,6,0,1,2008,109900
711,4130,3,1935,2003,0,270,270,729,1,2,1,5,0,0,2008,52000
712,8712,4,1900,1950,0,859,859,1178,1,2,1,7,0,1,2010,102776
713,4671,8,1988,1989,767,461,1228,1228,2,2,1,5,1,2,2008,189000
714,9873,4,1970,1970,789,171,960,960,1,3,1,6,0,2,2006,129000
715,13517,6,1976,2005,533,192,725,1479,2,3,1,6,0,2,2010,130500
716,10140,6,1974,1974,0,1064,1064,1350,2,3,1,7,1,2,2009,165000
717,10800,7,1890,1998,0,718,718,2554,1,3,1,8,0,2,2007,159500
718,10000,5,1973,2000,1084,92,1176,1178,1,3,1,5,1,2,2008,157000
719,10542,7,1993,1994,1173,138,1311,2418,2,3,1,9,1,3,2008,341000
720,9920,5,1969,1969,523,448,971,971,1,3,1,5,1,1,2006,128500
721,6563,8,1985,1985,1148,594,1742,1742,2,2,1,5,1,2,2006,275000
722,4426,6,2004,2004,662,186,848,848,1,1,1,3,0,2,2010,143000
723,8120,4,1970,1970,191,673,864,864,1,3,1,5,0,2,2009,124500
724,8172,4,1954,1972,0,941,941,1470,2,4,1,7,0,1,2008,135000
725,13286,9,2007,2008,1234,464,1698,1698,2,3,1,8,1,3,2009,320000
726,6960,4,1970,1970,375,250,864,864,1,3,1,5,0,2,2009,120500
727,21695,6,1988,2007,808,72,880,1680,2,3,1,5,1,2,2009,222000
728,7314,7,2007,2007,724,508,1232,1232,2,2,1,6,0,2,2009,194500
729,11475,5,1958,1958,0,1584,1584,1776,2,4,2,9,0,3,2009,110000
730,6240,4,1925,1950,152,628,780,1208,1,2,1,5,0,2,2009,103000
731,5389,8,1995,1996,1180,415,1595,1616,2,2,1,5,1,2,2010,236500
732,9590,7,2003,2003,786,82,868,1146,2,3,1,6,1,2,2007,187500
733,11404,7,1998,1999,252,901,1153,2031,2,3,1,8,1,2,2008,222500
734,10000,5,1961,1983,594,270,864,1144,1,3,1,6,1,1,2009,131400
735,8978,5,1968,1968,0,948,948,948,1,3,1,6,0,1,2007,108000
736,10800,7,1914,1970,390,490,880,1768,1,2,1,6,2,2,2006,163000
737,8544,3,1950,1950,0,0,0,1040,2,2,2,6,0,2,2006,93500
738,10463,8,2005,2005,0,893,893,1801,2,3,1,8,1,3,2006,239900
739,10800,5,1987,1988,1200,0,1200,1200,3,3,1,5,0,0,2009,179000
740,9313,7,2004,2004,0,864,864,1728,2,3,1,7,0,2,2009,190000
741,9600,5,1910,2002,0,264,264,1432,2,2,1,7,0,2,2007,132000
742,6768,6,1961,1996,832,80,912,912,1,3,1,5,0,1,2008,142000
743,8450,7,2000,2001,0,1349,1349,1349,2,3,1,6,0,2,2007,179000
744,12886,5,1963,1999,444,76,520,1464,2,3,1,6,1,2,2009,175000
745,5395,8,1993,1993,733,604,1337,1337,2,2,1,5,1,2,2008,180000
746,8963,8,1976,1996,575,487,1142,2715,3,4,1,11,2,2,2008,299800
747,8795,7,2000,2000,300,652,952,2256,2,4,1,8,1,2,2009,236000
748,11700,7,1880,2003,0,1240,1240,2640,1,4,1,8,1,4,2009,265979
749,10593,7,1996,1996,919,801,1720,1720,2,3,1,7,1,2,2010,260400
750,8405,4,1945,1950,0,0,0,1529,2,4,1,9,0,1,2009,98000
751,8800,4,1910,2004,0,576,576,1140,1,3,1,7,0,0,2010,96500
752,7750,7,2003,2003,0,660,660,1320,2,3,1,6,0,2,2007,162000
753,9236,6,1997,1997,1200,279,1479,1494,2,3,1,6,0,2,2006,217000
754,10240,8,2005,2005,0,1030,1030,2098,2,3,1,8,1,3,2006,275500
755,7930,6,1969,2005,439,115,1026,1026,1,3,1,5,0,2,2009,156000
756,3230,6,1999,1999,381,348,729,1471,2,3,1,6,0,2,2009,172500
757,10769,8,2007,2007,20,846,866,1768,2,3,1,7,0,2,2009,212000
758,11616,6,1978,1978,438,234,672,1386,2,3,1,6,1,2,2010,158900
759,2280,7,1999,1999,549,195,744,1501,2,3,1,6,0,2,2008,179400
760,12257,8,1995,1995,56,1198,1318,2531,2,4,1,9,1,3,2007,290000
761,9100,6,1959,1959,612,252,864,864,1,2,1,5,0,1,2009,127500
762,6911,5,1924,1950,405,740,1145,1301,1,2,1,5,0,2,2009,100000
763,8640,7,2009,2009,24,732,756,1547,2,3,1,7,0,2,2010,215200
764,9430,8,1999,1999,1163,89,1252,2365,2,3,1,8,1,3,2009,337000
765,9549,8,1995,1996,437,0,1494,1494,1,2,1,6,1,2,2006,270000
766,14587,9,2008,2008,0,1498,1498,1506,2,2,1,6,1,2,2008,264132
767,10421,7,1988,1988,394,586,980,1714,2,3,1,7,1,2,2010,196500
768,12508,6,1940,1985,660,323,983,1750,2,4,1,7,0,1,2008,160000
769,9100,7,2004,2005,24,1836,1860,1836,2,3,1,8,1,2,2006,216837
770,53504,8,2003,2003,1416,234,1650,3279,3,4,1,12,1,3,2010,538000
771,7252,5,1982,1982,685,173,858,858,1,2,1,5,0,2,2009,134900
772,8877,4,1951,1951,836,0,836,1220,1,2,1,6,0,2,2006,102000
773,7819,6,1976,1976,422,480,1029,1117,1,3,1,6,1,2,2010,107000
774,10150,5,1958,1958,456,456,912,912,1,2,1,5,0,1,2007,114500
775,14226,8,2006,2006,0,1935,1935,1973,2,3,1,9,1,3,2007,395000
776,4500,6,1998,1998,866,338,1204,1204,2,2,1,5,0,2,2009,162000
777,11210,7,2005,2006,20,1594,1614,1614,2,3,1,7,0,3,2006,221500
778,13350,5,1974,1974,762,102,864,894,1,3,1,5,1,2,2006,142500
779,8400,5,1977,1977,0,0,0,2020,2,4,2,10,2,2,2007,144000
780,10530,6,1977,1977,975,0,975,1004,1,2,1,4,0,2,2006,135000
781,7875,7,1995,1996,0,1237,1237,1253,2,3,1,6,1,2,2007,176000
782,7153,6,1992,1992,387,374,761,1603,2,3,1,7,0,2,2006,175900
783,16285,7,2001,2002,0,1413,1413,1430,2,3,1,6,0,2,2009,187100
784,9101,5,1978,1978,1097,0,1097,1110,1,1,1,4,1,2,2009,165500
785,6300,6,1914,2001,0,742,742,1484,2,3,1,9,1,0,2008,128000
786,9790,6,1967,1967,251,491,1372,1342,2,3,1,7,1,2,2009,161500
787,10800,5,1915,1950,686,0,686,1652,2,4,1,7,0,1,2010,139000
788,10142,7,2004,2004,656,300,956,2084,2,4,1,8,0,2,2010,233000
789,6000,4,1954,2000,0,901,901,901,1,2,1,4,0,1,2008,107900
790,12205,6,1966,2007,568,264,832,2087,2,5,1,9,0,2,2007,187500
791,3182,7,2005,2006,16,1129,1145,1145,2,2,1,5,1,2,2009,160200
792,11333,6,1976,1976,539,490,1029,1062,1,3,1,5,2,2,2007,146800
793,9920,7,1996,1997,862,255,1117,2013,2,3,1,8,1,2,2007,269790
794,9158,8,2007,2007,0,1496,1496,1496,2,3,1,7,0,2,2007,225000
795,10832,7,1994,1996,0,712,712,1895,2,3,1,7,1,2,2008,194500
796,8400,6,1980,1981,0,650,650,1564,2,3,1,7,1,2,2010,171000
797,8197,6,1977,1977,0,660,660,1285,1,3,1,7,1,2,2007,143500
798,7677,5,1953,1953,570,203,773,773,1,2,1,4,0,1,2008,110000
799,13518,9,2008,2009,0,1926,1926,3140,3,4,1,11,2,3,2009,485000
800,7200,5,1937,1950,569,162,731,1768,1,3,1,7,2,1,2007,175000
801,12798,6,1997,1997,462,154,616,1688,2,4,1,8,0,2,2008,200000
802,4800,4,1916,1990,197,999,1196,1196,1,2,1,5,0,2,2007,109900
803,8199,7,2005,2005,648,80,728,1456,2,3,1,7,1,2,2008,189000
804,13891,9,2008,2009,0,1734,1734,2822,3,4,1,12,1,3,2009,582933
805,9000,5,1954,1954,812,124,936,1128,1,2,1,5,0,1,2006,118000
806,12274,7,2008,2008,0,1417,1417,1428,2,3,1,6,0,2,2008,227680
807,9750,5,1967,1967,400,100,980,980,2,3,1,6,0,1,2006,135500
808,21384,5,1923,2004,1309,15,1324,1576,1,3,1,6,1,2,2009,223500
809,13400,5,1966,1966,516,380,1024,1086,1,3,1,6,1,2,2006,159950
810,8100,5,1898,1965,0,849,849,2138,2,2,3,11,0,2,2009,106000
811,10140,6,1974,1999,663,0,1040,1309,1,3,1,5,1,2,2006,181000
812,4438,6,2004,2004,662,186,848,848,1,1,1,4,1,2,2008,144500
813,8712,5,1952,1952,0,540,540,1044,1,2,1,4,0,2,2010,55993
814,9750,6,1958,1958,608,834,1442,1442,1,4,1,7,0,1,2007,157900
815,8248,5,1918,1950,0,686,686,1250,1,3,1,7,0,1,2006,116000
816,12137,7,1998,1998,0,1649,1649,1661,2,3,1,6,0,2,2010,224900
817,11425,5,1954,1954,486,522,1008,1008,1,2,1,4,1,1,2006,137000
818,13265,8,2002,2002,1218,350,1568,1689,2,3,1,7,2,3,2008,271000
819,8816,6,1971,1971,504,506,1010,1052,1,3,1,6,0,2,2010,155000
820,6371,7,2009,2010,733,625,1358,1358,2,2,1,6,1,2,2010,224000
821,7226,7,2003,2003,0,798,798,1640,2,3,1,6,0,2,2008,183000
822,6000,4,1953,1953,0,936,936,936,1,2,1,4,0,2,2009,93000
823,12394,7,2003,2003,0,847,847,1733,2,3,1,7,1,2,2007,225000
824,9900,6,1940,1950,0,778,778,1489,2,3,1,7,1,1,2009,139500
825,11216,8,2006,2006,0,1489,1489,1489,2,3,1,7,1,2,2006,232600
826,14803,10,2007,2008,1636,442,2078,2084,2,2,1,7,1,3,2008,385000
827,6130,5,1924,1950,784,0,784,784,1,2,1,5,0,0,2008,109500
828,8529,7,2001,2001,20,1434,1454,1434,2,3,1,6,1,2,2009,189000
829,28698,5,1967,1967,249,0,1013,2126,2,3,1,7,0,2,2009,185000
830,2544,7,2005,2005,0,600,600,1223,2,2,1,4,0,2,2006,147400
831,11900,6,1957,1957,1040,352,1392,1392,1,3,1,6,2,2,2008,166000
832,3180,7,2005,2005,0,600,600,1200,2,2,1,4,0,2,2006,151000
833,9548,7,2003,2003,483,458,941,1829,2,3,1,7,1,2,2010,237000
834,10004,6,1964,1964,196,975,1516,1516,1,3,1,6,0,2,2009,167000
835,7875,5,1961,1961,572,572,1144,1144,1,3,1,6,0,2,2008,139950
836,9600,4,1950,1995,442,625,1067,1067,2,2,1,4,0,2,2010,128000
837,8100,5,1948,1973,338,1221,1559,1559,1,2,1,5,0,2,2007,153500
838,1680,6,1973,1973,330,153,483,987,1,2,1,5,0,1,2008,100000
839,9525,5,1995,2006,0,1099,1099,1099,1,3,1,6,0,1,2008,144000
840,11767,5,1946,1995,352,416,768,1200,1,3,1,6,0,1,2008,130500
841,12155,6,1925,1950,156,516,672,1482,2,4,1,7,0,1,2008,140000
842,10440,5,1904,2002,0,650,650,1539,2,3,1,8,1,2,2008,157500
843,9020,6,1966,1966,312,276,1127,1165,1,3,1,6,0,2,2008,174900
844,8000,5,1961,1961,0,1800,1800,1800,2,6,2,10,0,0,2007,141000
845,12665,5,1915,1950,0,876,876,1416,1,4,1,7,1,3,2008,153900
846,16647,5,1975,1981,1390,0,1390,1701,2,3,1,6,2,2,2007,171000
847,9317,7,1993,1993,513,227,740,1775,2,3,1,7,1,2,2009,213000
848,15523,5,1972,1972,460,404,864,864,1,3,1,5,1,1,2009,133500
849,45600,6,1908,1997,0,907,907,2358,3,5,1,10,1,2,2008,240000
850,9600,6,1976,1994,0,528,528,1855,2,3,1,7,1,2,2007,187000
851,4435,6,2003,2003,659,189,848,848,1,1,1,3,0,2,2007,131500
852,3196,8,2003,2003,0,1273,1273,1456,2,2,1,7,1,2,2006,215000
853,7128,7,1941,1950,364,554,918,1646,2,4,1,7,2,1,2007,164000
854,12095,6,1964,1964,564,563,1127,1445,1,3,1,7,1,2,2009,158000
855,17920,5,1955,1974,306,372,1763,1779,1,3,1,6,1,2,2006,170000
856,6897,5,1962,2010,659,381,1040,1040,1,3,1,6,0,1,2010,127000
857,10970,6,1978,1978,505,0,940,1026,1,3,1,5,0,2,2008,147000
858,8125,6,1994,1995,0,702,702,1481,2,3,1,6,1,2,2009,174000
859,10400,7,1976,1976,0,1090,1090,1370,2,3,1,6,1,2,2009,152000
860,11029,6,1968,1984,619,435,1054,2654,2,4,1,9,1,2,2006,250000
861,7642,7,1918,1998,0,912,912,1426,1,3,1,7,1,1,2007,189950
862,11625,5,1965,1965,841,198,1039,1039,1,3,1,6,0,2,2010,131500
863,9672,6,1984,1985,338,702,1040,1097,2,3,1,6,0,2,2010,152000
864,7931,5,1959,1959,1148,0,1148,1148,1,3,1,6,0,1,2009,132500
865,8640,7,2007,2008,0,1372,1372,1372,2,3,1,6,0,2,2008,250580
866,8750,5,1970,1970,828,174,1002,1002,1,3,1,5,0,2,2009,148500
867,10656,8,2006,2007,0,1638,1638,1646,2,3,1,6,1,3,2007,248900
868,6970,4,1961,1961,932,108,1040,1120,1,3,1,5,0,2,2007,129000
869,14762,5,1948,1950,0,0,0,2320,2,2,1,7,1,2,2006,169000
870,9938,7,1993,1994,750,300,1050,1949,2,3,1,8,1,2,2010,236000
871,6600,5,1962,1962,0,894,894,894,1,2,1,5,0,1,2009,109500
872,8750,6,1998,1998,505,299,804,1682,2,3,1,7,0,2,2010,200500
873,8892,5,1953,1996,0,105,105,910,1,3,1,5,0,2,2008,116000
874,12144,5,1949,1950,375,457,832,1268,1,3,1,6,1,1,2009,133000
875,5720,5,1941,1950,0,676,676,1131,1,3,1,5,0,1,2009,66500
876,9000,8,2007,2007,64,1120,1184,2610,2,4,1,11,1,2,2007,303477
877,25286,4,1963,1963,633,431,1064,1040,1,3,1,5,0,2,2007,132250
878,8834,9,2004,2005,1170,292,1462,2224,2,4,1,10,1,3,2009,350000
879,11782,5,1961,1995,899,210,1109,1155,1,3,1,6,0,2,2010,148000
880,7000,5,1978,2005,646,218,864,864,1,3,1,6,0,1,2009,136500
881,7024,5,2005,2006,980,110,1090,1090,1,2,1,5,0,2,2007,157000
882,13758,7,1990,1991,902,254,1156,1717,2,3,1,7,1,2,2007,187500
883,9636,6,1992,1993,0,808,808,1593,2,3,1,7,1,2,2009,178000
884,6204,4,1912,1950,0,795,795,2230,1,5,1,10,0,1,2006,118500
885,7150,5,1967,1967,432,460,892,892,1,3,1,5,0,1,2009,100000
886,5119,9,1999,2000,1238,460,1698,1709,2,2,1,5,1,2,2008,328900
887,8393,5,1959,2005,528,1098,1626,1712,2,4,2,8,0,2,2006,145000
888,16466,5,1955,1955,0,816,816,1393,1,3,1,8,0,1,2008,135500
889,15865,8,1970,1970,351,1043,2217,2217,2,4,1,8,1,2,2007,268000
890,12160,6,1953,1953,1024,481,1505,1505,1,2,1,6,1,2,2009,149500
891,8064,5,1949,2006,0,672,672,924,1,3,1,6,1,2,2007,122900
892,11184,6,1978,1978,226,192,918,1683,2,3,1,7,1,2,2009,172500
893,8414,6,1963,2003,663,396,1059,1068,1,3,1,6,0,1,2006,154500
894,13284,5,1954,1954,1064,319,1383,1383,1,3,1,6,1,1,2008,165000
895,7018,5,1979,1979,0,0,0,1535,2,4,2,8,0,2,2009,118858
896,7056,6,1963,1963,400,380,780,1796,1,4,1,8,1,2,2008,140000
897,8765,4,1936,1950,285,666,951,951,1,2,1,6,0,1,2006,106500
898,7018,5,1979,1979,0,0,0,2240,2,6,2,12,0,2,2009,142953
899,12919,9,2009,2010,2188,142,2330,2364,2,2,1,11,2,3,2010,611657
900,6993,5,1961,1994,465,447,912,1236,1,3,1,6,1,1,2006,135000
901,7340,4,1971,1971,322,536,858,858,1,2,1,4,0,1,2007,110000
902,8712,5,1957,2000,860,132,992,1306,1,2,1,5,0,1,2009,153000
903,7875,7,2003,2003,0,783,783,1509,2,3,1,8,1,2,2006,180000
904,14859,7,2006,2006,0,1670,1670,1670,2,3,1,7,1,3,2006,240000
905,6173,5,1967,1967,599,277,876,902,1,3,1,6,0,1,2007,125500
906,9920,5,1954,1954,354,412,1056,1063,1,3,1,6,0,1,2010,128000
907,13501,8,2006,2006,63,1560,1623,1636,2,3,1,8,1,3,2007,255000
908,11500,7,1936,1987,223,794,1017,2057,1,3,1,6,1,1,2006,250000
909,8885,5,1983,1983,301,239,864,902,1,2,1,5,0,2,2006,131000
910,12589,6,2005,2005,0,742,742,1484,2,3,1,8,1,2,2009,174000
911,11600,5,1960,1960,443,662,1105,2274,2,5,2,12,0,2,2010,154300
912,9286,5,1977,1989,196,1072,1268,1268,1,3,1,5,0,1,2009,143500
913,6120,5,1925,1950,489,279,768,1015,1,3,1,6,0,1,2006,88000
914,6270,5,1949,1950,284,717,1001,2002,2,4,2,8,0,3,2007,145000
915,3000,6,2009,2009,294,318,612,1224,2,2,1,4,0,2,2009,173733
916,2001,4,1970,1970,0,546,546,1092,1,3,1,6,0,1,2007,75000
917,9000,2,1949,1950,50,430,480,480,0,1,1,4,0,1,2006,35311
918,17140,4,1956,1956,1059,75,1134,1229,1,3,1,6,0,1,2009,135000
919,13125,7,1991,1991,48,422,1104,2127,2,4,1,8,1,3,2007,238000
920,11029,6,1958,2002,528,245,1184,1414,1,3,1,6,1,2,2008,176500
921,8462,6,1994,1994,814,114,928,1721,2,3,1,7,0,2,2007,201000
922,8777,5,1900,2003,1084,188,1272,2200,2,4,2,9,0,0,2008,145900
923,10237,6,2005,2006,28,1288,1316,1316,2,3,1,6,1,2,2006,169990
924,8012,6,1993,1994,165,598,1604,1617,2,2,1,5,1,2,2008,193000
925,10240,6,1980,1980,625,0,1686,1686,2,3,1,7,1,2,2006,207500
926,15611,5,1977,1977,767,266,1126,1126,2,3,1,6,0,2,2008,175000
927,11999,8,2003,2004,0,1181,1181,2374,2,4,1,10,1,3,2007,285000
928,9900,7,1968,1968,552,280,832,1978,2,4,1,9,1,2,2008,176000
929,11838,8,2001,2001,0,1753,1753,1788,2,3,1,7,1,2,2009,236500
930,13006,7,1997,1997,0,964,964,2236,2,4,1,8,1,2,2006,222000
931,8925,8,2007,2007,16,1450,1466,1466,2,3,1,7,0,3,2009,201000
932,9100,5,1965,1965,338,121,925,925,1,2,1,5,0,1,2009,117500
933,11670,9,2006,2006,0,1905,1905,1905,2,3,1,8,1,3,2007,320000
934,8487,7,2004,2004,20,1480,1500,1500,2,3,1,6,0,2,2009,190000
935,27650,7,1960,2007,425,160,585,2069,2,4,1,9,1,2,2008,242000
936,5825,4,1926,1953,0,600,600,747,1,1,1,5,0,2,2006,79900
937,10083,7,2003,2003,833,343,1176,1200,2,2,1,5,0,2,2009,184900
938,9675,7,2005,2005,341,772,1113,1971,2,3,1,8,1,2,2009,253000
939,8760,7,2006,2006,464,927,1391,1962,2,3,1,7,0,3,2006,239799
940,24090,7,1940,1950,0,1032,1032,2403,2,4,1,10,2,1,2010,244400
941,12640,6,1976,1976,936,396,1728,1728,2,4,2,8,0,2,2006,150900
942,8755,7,1999,1999,772,220,992,2060,2,3,1,8,1,2,2009,214000
943,7711,4,1977,1977,1440,0,1440,1440,2,4,2,8,0,0,2007,150000
944,25000,5,1967,1967,0,1632,1632,1632,2,4,2,8,0,2,2007,143000
945,14375,6,1958,1958,111,354,819,1344,1,3,1,7,1,2,2009,137500
946,8820,5,1890,1996,1088,0,1088,1869,1,2,1,7,0,2,2009,124900
947,8163,5,1959,1959,748,102,1144,1144,1,3,1,6,1,1,2006,143000
948,14536,8,2002,2003,1300,316,1616,1629,2,3,1,9,1,3,2007,270000
949,14006,7,2002,2002,0,936,936,1776,2,3,1,7,1,2,2006,192500
950,9360,6,1972,2006,982,179,1161,1381,1,3,1,5,1,2,2010,197500
951,7200,5,1950,2002,398,317,864,864,1,3,1,5,0,2,2007,129000
952,7800,5,1965,1965,641,187,828,965,1,3,1,6,0,1,2006,119900
953,7200,5,1972,2003,660,108,768,768,1,2,1,5,0,1,2009,133900
954,11075,5,1969,1969,562,29,784,1968,2,4,1,7,1,2,2008,172000
955,9400,6,1975,1975,945,0,945,980,2,4,0,4,0,0,2006,127500
956,7136,6,1946,1950,484,495,979,1958,2,4,2,8,0,2,2007,145000
957,1300,6,1980,1980,285,276,561,1229,1,2,1,5,1,2,2009,124000
958,7420,5,1962,1962,417,640,1057,1057,1,3,1,6,0,2,2007,132000
959,8450,7,2003,2003,699,638,1337,1337,2,3,1,6,0,2,2007,185000
960,2572,7,1999,1999,604,92,696,1416,2,3,1,6,0,2,2010,155000
961,7207,5,1958,2008,696,162,858,858,1,2,1,4,0,0,2010,116500
962,12227,6,1977,1995,896,434,1330,2872,2,4,1,11,1,2,2008,272000
963,2308,6,1976,1976,556,248,804,1548,2,3,1,7,1,2,2007,155000
964,11923,9,2007,2007,0,1800,1800,1800,2,2,1,7,0,2,2009,239000
965,11316,7,2002,2003,624,193,817,1894,2,4,1,8,1,2,2010,214900
966,10237,6,2005,2007,0,783,783,1484,2,3,1,8,1,2,2007,178900
967,9600,5,1940,1950,428,300,728,1308,1,2,1,7,2,1,2009,160000
968,7390,5,1955,1955,902,196,1098,1098,1,3,1,6,0,1,2008,135000
969,5925,3,1910,1950,0,600,600,968,1,2,1,6,0,0,2009,37900
970,10382,6,1958,1958,513,75,588,1095,1,2,1,6,0,1,2006,140000
971,10800,4,1949,1950,0,720,720,1192,1,4,1,6,0,0,2006,135000
972,2268,7,2003,2004,567,197,764,1626,2,2,1,6,0,2,2009,173000
973,7892,6,1979,1979,0,918,918,918,2,2,1,5,1,1,2010,99500
974,11639,7,2007,2008,0,1428,1428,1428,2,3,1,6,0,2,2008,182000
975,11414,7,1910,1993,0,728,728,2019,1,3,1,8,0,2,2009,167500
976,2651,7,2000,2000,641,32,673,1382,2,3,1,6,0,2,2006,165000
977,5900,4,1923,1958,0,440,440,869,1,2,1,4,0,0,2006,85500
978,4274,7,2006,2007,1106,135,1241,1241,1,1,1,4,0,2,2007,199900
979,9450,4,1954,1954,552,342,894,894,1,3,1,5,0,2,2007,110000
980,8816,5,1963,1963,651,470,1121,1121,1,3,1,5,0,2,2009,139000
981,12122,7,1961,2007,867,77,944,999,1,3,1,6,0,2,2008,178400
982,12203,8,1998,1999,854,371,1225,2612,2,4,1,8,1,3,2009,336000
983,3182,7,2007,2007,0,1266,1266,1266,2,2,1,6,1,2,2008,159895
984,11250,8,2002,2002,0,1128,1128,2290,2,4,1,9,1,2,2008,255900
985,10125,5,1977,1977,0,0,0,1734,2,4,2,8,0,2,2009,126000
986,10880,5,1950,1950,1040,124,1164,1164,1,3,1,5,0,1,2008,125000
987,5310,6,1910,2003,0,485,485,1635,1,2,1,5,0,1,2006,117000
988,10159,9,2009,2010,1646,284,1930,1940,2,3,1,8,1,3,2010,395192
989,12046,6,1976,1976,156,692,848,2030,2,4,1,8,1,2,2007,195000
990,8125,7,2006,2006,0,770,770,1576,2,3,1,6,0,2,2006,197000
991,9452,8,1997,1998,1074,322,1396,2392,2,3,1,7,1,3,2006,348000
992,17671,8,1882,1986,216,700,916,1742,1,4,1,8,1,2,2009,168000
993,9760,6,1964,1993,536,169,822,1851,2,3,1,7,1,2,2007,187000
994,8846,6,2005,2006,0,750,750,1500,2,3,1,6,0,2,2006,173900
995,12456,10,2006,2007,1172,528,1700,1718,2,3,1,7,1,3,2009,337500
996,4712,4,1946,1950,384,363,747,1230,1,3,1,5,0,1,2006,121600
997,10659,5,1961,1961,915,135,1050,1050,1,3,1,6,0,1,2006,136500
998,11717,6,1970,1970,0,1442,1442,1442,2,2,1,6,1,2,2009,185000
999,9786,3,1922,1950,0,1007,1007,1077,1,3,1,6,1,1,2006,91000
1000,6762,7,2006,2006,686,501,1187,1208,2,2,1,6,0,2,2010,206000
1001,10206,3,1952,1952,0,0,0,944,1,2,1,4,0,2,2009,82000
1002,5400,5,1920,1950,0,691,691,691,1,2,1,4,0,1,2007,86000
1003,11957,8,2006,2006,24,1550,1574,1574,2,3,1,7,1,3,2008,232000
1004,11500,5,1976,1976,0,1680,1680,1680,2,4,2,8,0,2,2007,136905
1005,3182,7,2005,2006,16,1330,1346,1504,2,1,1,7,1,2,2009,181000
1006,8385,5,1977,1977,595,390,985,985,2,3,1,6,0,1,2008,149900
1007,12155,6,1970,1970,1237,420,1657,1657,2,3,1,7,1,2,2007,163500
1008,2217,4,1970,1970,273,0,546,1092,1,3,1,6,0,1,2009,88000
1009,12118,7,2004,2005,0,1710,1710,1710,2,3,1,7,1,2,2009,240000
1010,6000,5,1926,1950,0,1008,1008,1522,2,4,1,7,0,0,2006,102000
1011,21286,5,1948,1950,0,720,720,1271,2,4,1,7,1,1,2008,135000
1012,9825,5,1965,1965,0,0,0,1664,2,4,2,8,0,0,2010,100000
1013,10592,6,1923,1996,0,602,602,1502,1,3,1,7,2,1,2007,165000
1014,7200,5,1910,2006,247,310,1022,1022,1,2,1,4,0,1,2009,85000
1015,11664,6,1948,1950,336,746,1082,1082,1,2,1,5,1,1,2007,119200
1016,8400,8,2001,2001,643,167,810,1665,2,3,1,6,0,2,2009,227000
1017,11883,7,1996,1996,690,814,1504,1504,2,3,1,6,1,2,2009,203000
1018,5814,8,1984,1984,1036,184,1220,1360,1,1,1,4,1,2,2009,187500
1019,10784,7,1991,1992,0,384,384,1472,2,3,1,7,1,2,2007,160000
1020,3013,7,2005,2005,16,1346,1362,1506,2,2,1,6,1,2,2006,213490
1021,7024,4,2005,2005,1024,108,1132,1132,1,2,1,5,0,2,2008,176000
1022,7406,7,2006,2006,684,515,1199,1220,2,2,1,6,0,2,2006,194000
1023,9439,5,1930,1950,324,588,912,1248,1,2,1,6,0,1,2007,87000
1024,3182,7,2005,2006,16,1330,1346,1504,2,2,1,7,1,2,2008,191000
1025,15498,8,1976,1976,1165,0,1565,2898,2,2,1,10,1,2,2008,287000
1026,7700,5,1972,1972,138,276,882,882,1,3,1,5,0,2,2007,112500
1027,9300,5,1960,1960,697,571,1268,1264,1,3,1,6,2,2,2010,167500
1028,9520,8,2007,2008,1513,125,1638,1646,2,3,1,7,1,3,2008,293077
1029,9492,5,1941,1950,368,359,768,1376,1,3,1,6,1,1,2007,105000
1030,1680,6,1972,1972,317,355,672,1218,1,3,1,7,0,1,2006,118000
1031,7082,5,1916,1995,0,686,686,1928,2,5,2,10,0,0,2006,160000
1032,15863,7,1920,1970,523,301,824,3082,2,5,1,12,2,2,2009,197000
1033,14541,8,1993,1993,1012,326,1338,2520,2,5,1,10,1,3,2006,310000
1034,8125,7,2002,2002,986,668,1654,1654,2,3,1,6,0,3,2006,230000
1035,6305,5,1938,1950,0,920,920,954,1,2,1,5,1,1,2007,119750
1036,11500,4,1957,1957,0,0,0,845,1,3,1,5,0,1,2009,84000
1037,12898,9,2007,2008,1022,598,1620,1620,2,2,1,6,1,3,2009,315500
1038,9240,8,2001,2002,0,1055,1055,2263,2,3,1,7,1,2,2008,287000
1039,1533,4,1970,2008,0,546,546,1344,1,3,1,6,1,0,2009,97000
1040,1477,4,1970,1970,509,121,630,630,1,1,1,3,0,1,2009,80000
1041,13125,5,1957,2000,168,284,1134,1803,2,3,1,8,1,2,2006,155000
1042,9130,6,1966,2000,400,336,800,1632,1,4,1,7,0,2,2008,173000
1043,5381,6,2005,2005,900,406,1306,1306,2,1,1,5,1,2,2009,196000
1044,11839,7,1990,1990,1085,390,1475,2329,2,4,1,10,1,2,2008,262280
1045,9600,8,1981,1981,1104,1420,2524,2524,2,4,1,9,1,2,2009,278000
1046,13680,3,1955,1955,0,0,0,1733,2,4,1,8,1,2,2009,139600
1047,16056,9,2005,2006,240,1752,1992,2868,3,4,1,11,1,3,2006,556581
1048,9245,5,1994,1995,686,304,990,990,1,3,1,5,0,2,2008,145000
1049,21750,5,1960,2006,0,0,0,1771,1,3,1,9,1,2,2009,115000
1050,11100,4,1946,2006,0,0,0,930,1,2,1,6,0,1,2010,84900
1051,8993,7,2007,2007,0,1302,1302,1302,2,3,1,6,0,2,2007,176485
1052,11175,7,2007,2007,0,1316,1316,1316,2,3,1,6,1,2,2007,200141
1053,9500,6,1964,1978,442,374,816,1977,1,4,1,9,1,2,2007,165000
1054,8562,5,1957,2002,383,833,1216,1526,1,4,1,7,1,1,2010,144500
1055,11367,8,2002,2002,932,133,1065,1989,2,3,1,7,1,2,2006,255000
1056,11361,6,1976,1976,644,549,1193,1523,2,3,1,7,1,2,2008,180000
1057,7052,7,2005,2005,659,705,1364,1364,2,2,1,6,1,2,2006,185850
1058,29959,7,1994,1994,595,378,973,1850,2,3,1,7,1,2,2009,248000
1059,11308,9,2008,2008,936,168,1104,2184,2,3,1,10,1,3,2009,335000
1060,11275,6,1932,1950,297,0,854,1991,1,3,1,7,1,2,2007,220000
1061,4920,8,2001,2001,616,722,1338,1338,2,2,1,6,0,2,2010,213500
1062,18000,3,1935,1950,0,894,894,894,1,2,1,6,0,3,2008,81000
1063,13600,5,1900,1950,0,662,662,2337,2,5,2,10,0,2,2007,90000
1064,6000,6,1925,1980,397,706,1103,1103,1,2,1,5,1,2,2006,110500
1065,11000,5,1966,1966,740,184,1154,1154,1,3,1,6,1,2,2009,154000
1066,14000,7,1996,1997,1201,105,1306,2260,2,3,1,7,0,2,2010,328000
1067,7837,6,1993,1994,0,799,799,1571,2,3,1,7,1,2,2009,178000
1068,9760,6,1964,1964,674,0,780,1611,1,4,1,7,0,2,2008,167900
1069,3964,6,1973,1973,837,105,942,2521,2,5,1,10,1,2,2006,151400
1070,9600,5,1949,2003,220,625,845,893,1,2,1,4,0,2,2007,135000
1071,10152,5,1956,1956,586,462,1048,1048,1,3,1,6,0,1,2007,135000
1072,11700,6,1968,1968,298,429,727,1556,1,4,1,8,0,2,2009,154000
1073,7585,5,1948,1950,0,810,810,1456,1,4,1,7,1,1,2006,91500
1074,7950,6,1977,1977,535,155,690,1426,1,3,1,6,0,2,2009,159500
1075,8556,7,2006,2006,0,1240,1240,1240,2,2,1,5,0,3,2007,194000
1076,13125,7,1940,1984,410,390,800,1740,1,3,1,6,2,1,2007,219500
1077,10800,5,1936,1989,626,170,796,1466,2,3,1,7,1,2,2006,170000
1078,15870,5,1969,1969,75,230,1096,1096,1,3,1,6,0,1,2006,138800
1079,4435,6,2004,2004,662,186,848,848,1,1,1,3,1,2,2006,155900
1080,8775,5,1994,1994,495,495,990,990,1,3,1,5,0,1,2007,126000
1081,11040,6,1971,2004,656,602,1258,1258,2,3,1,5,0,2,2008,145000
1082,7500,5,1963,1963,824,216,1040,1040,1,3,1,5,0,1,2010,133000
1083,8749,7,2002,2002,0,1459,1459,1459,2,3,1,6,1,2,2007,192000
1084,8800,6,1964,1964,553,698,1251,1251,1,3,1,6,2,1,2006,160000
1085,13031,6,1995,1996,592,99,691,1498,2,3,1,6,1,2,2006,187500
1086,9069,6,1992,1992,747,189,936,996,1,2,1,5,0,2,2010,147000
1087,1974,4,1973,1973,334,212,546,1092,1,3,1,6,0,1,2010,83500
1088,10574,8,2005,2006,0,1082,1082,1953,2,3,1,9,1,3,2009,252000
1089,2522,7,2004,2004,0,970,970,1709,2,3,1,7,0,2,2006,137500
1090,3316,8,2005,2005,1039,208,1247,1247,1,1,1,4,1,2,2006,197000
1091,8544,3,1950,1950,0,0,0,1040,2,2,2,6,0,2,2009,92900
1092,2160,7,1999,2000,510,90,600,1252,2,2,1,4,0,2,2008,160000
1093,8400,6,1925,1950,423,758,1181,1694,2,4,1,7,1,2,2008,136500
1094,9230,5,1965,1998,661,203,864,1200,1,1,1,6,0,2,2006,146000
1095,5868,5,1956,2000,248,448,936,936,1,2,1,4,0,1,2010,129000
1096,9317,6,2006,2006,24,1290,1314,1314,2,3,1,6,1,2,2007,176432
1097,6882,6,1914,2006,0,684,684,1355,1,3,1,7,0,0,2007,127000
1098,3696,8,1986,1986,0,1074,1074,1088,1,2,1,5,0,2,2007,170000
1099,6000,4,1936,1950,672,0,672,1324,1,3,1,6,0,1,2009,128000
1100,11880,7,1978,1978,704,567,1271,1601,2,3,1,7,1,2,2009,157000
1101,8400,2,1920,1950,290,0,290,438,1,1,1,3,0,1,2009,60000
1102,9758,5,1971,1971,412,251,950,950,1,3,1,5,0,1,2007,119500
1103,7000,5,1960,2002,588,422,1010,1134,1,2,1,6,0,1,2007,135000
1104,8910,6,1959,1959,655,0,655,1194,1,3,1,6,1,2,2006,159500
1105,2016,5,1970,1970,0,630,630,1302,2,3,1,6,0,2,2007,106000
1106,12256,8,1994,1995,1032,431,1463,2622,2,3,1,9,2,2,2010,325000
1107,10357,7,1990,1991,738,172,910,1442,2,3,1,6,1,2,2007,179900
1108,23257,7,2006,2006,0,868,868,2021,2,3,1,9,1,2,2006,274725
1109,8063,6,2000,2000,0,924,924,1690,2,3,1,7,1,2,2007,181000
1110,11362,8,2004,2005,1039,797,1836,1836,2,3,1,7,1,3,2009,280000
1111,8000,6,1995,1996,219,554,773,1658,2,3,1,8,1,2,2008,188000
1112,10480,7,1976,1976,403,400,803,1964,2,4,1,8,1,2,2008,205000
1113,7100,5,1957,1957,708,108,816,816,1,2,1,5,0,1,2006,129900
1114,8923,5,1953,2006,643,365,1008,1008,1,2,1,6,0,1,2007,134500
1115,5400,5,1954,2000,415,418,833,833,1,2,1,4,0,1,2006,117000
1116,12085,8,2007,2007,1004,730,1734,1734,2,3,1,7,1,3,2007,318000
1117,7750,8,2002,2002,353,55,408,1419,2,3,1,7,1,2,2009,184100
1118,9764,5,1967,2003,702,192,894,894,1,3,1,5,0,2,2008,130000
1119,13825,5,1958,1987,0,533,533,1601,1,3,1,6,0,1,2008,140000
1120,7560,5,1959,1959,369,671,1040,1040,1,3,1,6,0,1,2006,133700
1121,8263,6,1920,1950,0,1012,1012,1012,1,2,1,6,1,1,2007,118400
1122,10084,7,2005,2006,24,1528,1552,1552,2,3,1,7,0,3,2006,212900
1123,8926,4,1956,1956,0,672,672,960,1,3,1,5,0,1,2009,112000
1124,9405,5,1947,2008,0,698,698,698,1,2,1,4,0,0,2009,118000
1125,9125,7,1992,1992,0,384,384,1482,2,3,1,7,1,2,2007,163900
1126,10434,4,1955,1955,0,1005,1005,1005,1,2,1,5,1,2,2009,115000
1127,3684,7,2007,2007,0,1373,1373,1555,2,2,1,7,1,3,2009,174000
1128,14572,7,2004,2004,1300,230,1530,1530,2,3,1,7,1,3,2007,259000
1129,11796,7,2004,2005,0,847,847,1959,2,4,1,8,1,2,2007,215000
1130,7200,5,1980,1980,936,0,936,936,1,2,1,4,0,2,2007,140000
1131,7804,4,1928,1950,622,500,1122,1981,2,4,1,7,2,2,2009,135000
1132,10712,5,1991,1992,212,762,974,974,1,3,1,5,0,0,2007,93500
1133,9900,6,1880,1950,0,1008,1008,2210,2,5,1,8,0,1,2007,117500
1134,9828,8,1995,1995,584,544,1128,2020,2,3,1,8,1,2,2009,239500
1135,8773,6,1997,1997,0,916,916,1600,2,3,1,7,1,2,2007,169000
1136,6180,6,1926,1950,0,960,960,986,1,2,1,5,1,1,2007,102000
1137,9600,6,1950,1950,280,752,1032,1252,1,3,1,6,0,1,2008,119000
1138,6342,5,1875,1996,0,780,780,1020,1,2,1,6,0,0,2010,94000
1139,9819,6,1977,1977,1567,0,1567,1567,2,2,1,5,2,2,2009,196000
1140,8731,5,1920,1950,645,270,915,1167,1,3,1,6,1,2,2007,144000
1141,7350,5,1951,1951,852,100,952,952,1,2,1,4,0,2,2008,139000
1142,10304,5,1976,1976,381,399,780,1868,2,4,1,9,1,2,2009,197500
1143,9965,8,2006,2007,1150,316,1466,2828,3,4,1,11,1,3,2007,424870
1144,9000,5,1959,1959,288,718,1006,1006,1,3,1,5,0,0,2008,80000
1145,12180,4,1941,1950,348,324,672,924,1,2,1,5,0,1,2010,80000
1146,6240,5,1928,1950,0,1042,1042,1576,1,3,1,8,1,1,2006,149000
1147,11200,6,1985,1985,1258,40,1298,1298,2,3,1,5,1,2,2006,180000
1148,12000,7,1941,1950,275,429,704,1564,1,3,1,7,1,1,2009,174500
1149,5700,7,1926,1950,0,572,572,1111,1,2,1,5,1,1,2008,116900
1150,9000,7,1920,1988,624,26,650,1482,1,3,1,7,0,2,2009,143000
1151,8280,6,1950,1950,0,932,932,932,1,2,1,4,1,1,2007,124000
1152,17755,5,1959,1959,176,1290,1466,1466,1,3,1,6,2,2,2006,149900
1153,14115,6,1956,2004,296,230,1073,1811,1,2,1,6,1,2,2006,230000
1154,5890,6,1930,2007,538,278,816,816,1,2,1,5,0,1,2008,120500
1155,13700,7,1965,1988,454,410,864,1820,1,4,1,8,2,2,2008,201800
1156,10768,5,1976,2004,1157,280,1437,1437,2,3,1,6,1,2,2007,218000
1157,9350,5,1965,1999,633,586,1219,1265,2,3,1,6,1,2,2008,179900
1158,5001,7,2007,2008,904,410,1314,1314,2,2,1,6,1,2,2009,230000
1159,11932,8,2007,2008,0,1580,1580,1580,2,3,1,7,0,3,2008,235128
1160,9120,6,1974,1974,442,459,901,1876,2,4,1,8,1,2,2008,185000
1161,2280,6,1978,1978,311,544,855,1456,2,3,1,7,1,2,2010,146000
1162,14778,6,1954,2006,728,568,1296,1640,1,3,1,7,1,2,2008,224000
1163,8724,5,1968,1968,492,402,894,894,1,3,1,5,1,2,2007,129000
1164,12900,4,1969,1969,1198,0,1198,1258,0,0,2,6,0,2,2008,108959
1165,16157,5,1978,1978,680,289,1360,1432,1,2,1,5,1,2,2007,194000
1166,9541,7,2009,2009,0,1502,1502,1502,2,3,1,7,0,2,2009,233170
1167,10475,8,2008,2008,0,1694,1694,1694,2,3,1,7,0,3,2010,245350
1168,10852,6,2000,2000,786,173,959,1671,2,3,1,7,1,2,2006,173000
1169,13728,6,1935,1986,626,501,1127,2108,2,4,1,7,2,2,2008,235000
1170,35760,10,1995,1996,1387,543,1930,3627,3,4,1,10,1,3,2006,625000
1171,9880,6,1977,1977,522,574,1096,1118,1,3,1,6,1,1,2008,171000
1172,9120,6,1958,1958,662,599,1261,1261,1,3,1,6,1,2,2008,163000
1173,4017,7,2006,2007,0,625,625,1250,2,2,1,5,0,2,2008,171900
1174,18030,5,1946,1994,152,977,1598,3086,3,3,1,12,1,0,2007,200500
1175,16560,6,1932,1950,503,449,952,2345,2,4,1,9,1,2,2006,239000
1176,10678,8,1992,2000,700,983,1683,2872,2,4,1,9,1,2,2007,285000
1177,6951,5,1984,1985,658,218,876,923,1,3,1,5,0,1,2008,119500
1178,3950,6,1926,2004,468,350,818,1224,1,3,1,5,0,1,2009,115000
1179,7681,5,1921,1950,0,731,731,1343,1,3,1,7,1,1,2009,154900
1180,8335,5,1954,1954,0,0,0,1124,1,3,1,5,1,0,2006,93000
1181,11170,7,1990,1991,1216,0,1216,2514,2,4,1,8,0,2,2006,250000
1182,5587,8,2008,2008,1480,120,1600,1652,2,2,1,5,1,2,2008,392500
1183,15623,10,1996,1996,2096,300,2396,4476,3,4,1,10,2,3,2007,745000
1184,10800,5,1920,1950,821,299,1120,1130,1,2,1,5,1,2,2006,120000
1185,35133,5,1963,1963,1159,413,1572,1572,1,3,1,5,2,3,2007,186700
1186,9738,5,1924,1950,392,392,784,1221,1,4,1,7,0,1,2006,104900
1187,10615,3,1900,1970,440,538,978,1699,2,3,2,7,0,2,2009,95000
1188,12461,8,1994,1995,1456,168,1624,1624,2,2,1,5,1,3,2006,262000
1189,8935,7,2002,2002,0,831,831,1660,2,3,1,7,0,2,2009,195000
1190,7500,7,1999,1999,0,994,994,1804,2,3,1,7,1,2,2010,189000
1191,32463,4,1961,1975,1159,90,1249,1622,1,3,1,7,1,4,2007,168000
1192,2645,8,1999,2000,0,776,776,1441,2,2,1,5,0,2,2007,174000
1193,9600,5,1925,1994,0,702,702,1472,1,3,1,6,0,1,2007,125000
1194,4500,6,1999,1999,883,341,1224,1224,2,2,1,5,0,2,2009,165000
1195,9364,6,1969,1969,371,292,663,1352,1,4,1,7,0,1,2010,158000
1196,8029,6,2005,2005,0,728,728,1456,2,3,1,8,0,2,2008,176000
1197,14054,7,2006,2006,0,879,879,1863,2,4,1,9,1,3,2006,219210
1198,8850,7,1916,1950,0,815,815,1690,1,3,1,7,1,1,2006,144000
1199,9100,7,2001,2001,0,1212,1212,1212,2,3,1,6,0,2,2009,178000
1200,11235,4,1963,1979,547,504,1051,1382,1,3,1,6,1,2,2006,148000
1201,9353,4,1970,1970,0,864,864,864,1,3,1,5,0,1,2006,116050
1202,10400,7,1998,1998,0,866,866,1779,2,3,1,6,0,2,2009,197900
1203,6000,5,1925,1997,0,884,884,1348,1,3,1,5,1,1,2009,117000
1204,9750,7,2000,2001,0,1630,1630,1630,2,3,1,6,1,2,2009,213000
1205,10140,5,1975,1975,788,268,1056,1074,1,3,1,6,0,2,2006,153500
1206,14684,7,1990,1991,485,1496,2158,2196,2,3,1,7,1,3,2009,271900
1207,8900,4,1966,1966,1056,0,1056,1056,1,2,1,5,0,1,2006,107000
1208,9135,6,2003,2003,340,1342,1682,1700,2,3,1,7,0,2,2006,200000
1209,7763,5,1962,1980,504,319,931,1283,1,3,1,6,0,2,2008,140000
1210,10182,8,2006,2006,1220,440,1660,1660,2,3,1,8,1,2,2006,290000
1211,11218,6,1992,1992,0,1055,1055,1845,2,3,1,8,1,2,2010,189000
1212,12134,8,1988,2005,427,132,559,1752,2,4,1,8,0,2,2010,164000
1213,9340,4,1941,1950,344,328,672,672,1,2,1,4,0,1,2009,113000
1214,10246,4,1965,2001,648,0,648,960,0,0,1,3,0,1,2006,145000
1215,10205,5,1962,1962,784,141,925,999,1,3,1,6,0,1,2006,134500
1216,7094,5,1966,1966,180,340,894,894,1,3,1,5,0,1,2007,125000
1217,8930,6,1978,1978,0,0,0,1902,2,4,2,8,0,2,2010,112000
1218,8640,8,2009,2009,936,364,1300,1314,2,3,1,6,0,2,2009,229456
1219,6240,4,1947,1950,0,0,0,912,1,2,1,3,0,0,2006,80500
1220,1680,6,1971,1971,0,672,672,1218,1,3,1,7,0,0,2006,91500
1221,7800,5,1964,1964,312,0,912,912,1,2,1,5,0,1,2006,115000
1222,8250,5,1968,1968,250,210,952,1211,1,3,1,5,1,1,2008,134000
1223,10496,6,1949,1950,196,844,1040,1846,2,3,1,7,1,1,2007,143000
1224,10680,5,1951,1951,756,1380,2136,2136,2,4,1,7,0,2,2006,137900
1225,15384,7,2004,2005,724,64,788,1490,2,3,1,8,1,2,2008,184000
1226,10482,6,1958,1958,507,81,588,1138,1,3,1,6,0,1,2007,145000
1227,14598,6,2007,2007,0,894,894,1933,2,4,1,9,1,3,2008,214000
1228,8872,5,1965,2008,595,317,912,912,1,2,1,5,0,2,2008,147000
1229,8769,9,2008,2008,1540,162,1702,1702,1,1,1,7,1,3,2008,367294
1230,7910,5,1960,1960,666,409,1075,1507,2,4,1,7,0,1,2008,127000
1231,18890,5,1977,1977,498,652,1361,2620,2,4,2,12,1,2,2007,190000
1232,7728,5,1962,1962,803,303,1106,1190,1,3,1,6,0,2,2006,132500
1233,9842,4,1962,1962,0,0,0,1224,2,2,2,6,0,2,2007,101800
1234,12160,5,1959,1959,1000,188,1188,1188,1,3,1,6,0,2,2010,142000
1235,8525,5,1911,1950,0,940,940,1964,1,4,1,7,0,0,2008,130000
1236,13132,5,1914,1950,0,747,747,1784,1,4,1,9,0,1,2006,138887
1237,2628,7,2003,2003,0,764,764,1626,2,2,1,6,0,2,2010,175500
1238,12393,7,2004,2005,0,847,847,1948,2,4,1,8,1,2,2006,195000
1239,13072,6,2005,2005,0,1141,1141,1141,1,3,1,6,0,2,2006,142500
1240,9037,8,2006,2006,428,1048,1476,1484,2,2,1,6,1,2,2007,265900
1241,8158,7,2003,2003,550,334,884,1768,2,3,1,8,0,2,2008,224900
1242,9849,7,2007,2007,0,1689,1689,1689,2,3,1,7,0,3,2007,248328
1243,10625,7,1974,1974,885,0,1053,1173,2,3,1,6,2,2,2010,170000
1244,13891,10,2006,2006,1386,690,2076,2076,2,2,1,7,1,3,2006,465000
1245,11435,8,1929,1950,0,792,792,1517,1,3,1,7,2,2,2006,230000
1246,12090,6,1984,2003,0,585,585,1868,3,3,1,7,1,2,2007,178000
1247,8125,7,2005,2006,0,756,756,1553,2,3,1,6,0,2,2006,186500
1248,12328,6,1976,1976,539,473,1012,1034,1,3,1,6,0,3,2010,169900
1249,9600,6,1917,1950,319,416,735,2058,1,3,1,8,1,2,2008,129500
1250,7200,5,1950,1950,534,246,876,988,1,3,1,6,0,1,2007,119000
1251,11160,7,1968,1968,1065,1045,2110,2110,2,3,1,8,2,2,2010,244000
1252,3136,7,2003,2003,0,1405,1405,1405,2,2,1,6,1,2,2006,171750
1253,9858,5,1968,1968,510,354,864,874,1,3,1,5,0,1,2009,130000
1254,17542,7,1974,2003,125,36,1192,2167,2,3,1,9,2,2,2007,294000
1255,6931,7,2003,2004,0,746,746,1656,2,3,1,7,1,2,2008,165400
1256,6240,6,1931,1950,425,459,884,1367,1,3,1,6,1,1,2007,127500
1257,14303,8,1994,1994,1314,672,1986,1987,2,2,1,7,1,2,2008,301500
1258,4060,5,1922,1950,0,864,864,864,1,2,1,4,0,0,2009,99900
1259,9587,7,2005,2005,655,201,856,1166,2,2,1,5,0,2,2008,190000
1260,9750,6,1969,1969,602,14,1054,1054,1,3,1,6,0,2,2008,151000
1261,24682,6,1999,1999,0,841,841,1675,2,3,1,7,1,2,2009,181000
1262,9600,5,1956,1956,504,546,1050,1050,1,2,1,5,0,1,2009,128900
1263,11250,4,1957,1989,0,1104,1104,1788,1,5,1,8,2,1,2009,161500
1264,13515,6,1919,1950,0,764,764,1824,1,3,1,8,1,2,2007,180500
1265,4060,6,1998,1999,266,1139,1405,1337,2,2,1,5,0,2,2008,181000
1266,3735,7,1999,1999,450,241,691,1452,2,3,1,6,0,2,2006,183900
1267,10120,7,1910,1950,0,925,925,1889,1,4,2,9,1,1,2007,122000
1268,13214,9,2008,2009,0,2002,2002,2018,2,3,1,10,1,3,2010,378500
1269,14100,8,1935,1997,192,536,728,3447,3,4,1,11,2,3,2008,381000
1270,11344,5,1958,1958,460,414,874,1524,1,3,1,7,0,1,2007,144000
1271,23595,7,1979,1979,1258,74,1332,1524,0,0,1,4,1,2,2010,260000
1272,9156,6,1968,1968,0,1489,1489,1489,2,3,1,7,1,2,2009,185750
1273,13526,5,1965,1965,560,0,935,935,1,3,1,5,0,1,2006,137000
1274,11512,6,1959,2006,719,300,1019,1357,1,2,1,5,1,1,2008,177000
1275,5362,5,1910,2003,0,661,661,1250,2,3,1,8,1,2,2007,139000
1276,11345,5,1948,1950,220,708,928,1920,2,4,2,10,0,2,2007,137000
1277,12936,6,1972,1972,593,130,723,1395,1,3,1,6,1,2,2009,162000
1278,17871,6,1967,1976,528,1152,1680,1724,1,3,1,7,1,2,2009,197900
1279,9473,8,2002,2002,804,324,1128,2031,2,3,1,7,1,2,2008,237000
1280,7500,4,1920,1950,0,698,698,1128,1,2,1,6,0,2,2010,68400
1281,9808,7,2002,2002,788,785,1573,1573,2,3,1,6,0,2,2009,227000
1282,8049,7,1990,1990,1053,256,1309,1339,2,2,1,6,1,2,2006,180000
1283,8800,5,1977,2008,532,364,1040,1040,2,3,1,5,0,2,2009,150500
1284,9400,6,1971,1971,0,912,912,1824,2,4,2,8,0,0,2010,139000
1285,9638,6,1919,1990,0,804,804,2447,2,4,1,10,1,1,2010,169000
1286,6000,6,1939,1950,0,780,780,1412,1,4,1,6,1,1,2009,132500
1287,9790,6,1963,1963,569,678,1328,1328,1,3,1,6,2,2,2010,143000
1288,36500,5,1964,1964,812,812,1624,1582,2,4,1,7,0,2,2006,190000
1289,5664,8,2000,2000,1158,343,1501,1659,2,2,1,5,1,2,2009,278000
1290,11065,8,2006,2006,0,1085,1085,1970,2,3,1,8,1,3,2006,281000
1291,14112,5,1964,1964,1014,138,1152,1152,1,3,1,6,1,2,2010,180500
1292,1680,5,1972,1972,231,399,630,1302,2,3,1,6,0,1,2009,119500
1293,6600,5,1892,1965,0,994,994,2372,2,4,2,11,0,1,2009,107500
1294,10140,7,1976,1976,194,638,832,1664,2,4,1,8,1,2,2006,162900
1295,8172,5,1955,1990,167,697,864,864,1,2,1,5,0,2,2006,115000
1296,8400,5,1968,1968,1016,36,1052,1052,1,3,1,5,0,1,2006,138500
1297,8700,5,1963,1963,776,344,1120,1128,2,3,1,6,0,2,2008,155000
1298,3675,6,2005,2006,547,0,547,1072,2,2,1,5,0,2,2006,140000
1299,63887,10,2008,2008,5644,466,6110,5642,2,3,1,12,3,2,2008,160000
1300,7500,5,1959,1994,340,0,1246,1246,1,3,1,6,0,1,2010,154000
1301,10762,7,1999,1999,694,284,978,1983,2,3,1,9,1,2,2009,225000
1302,7500,6,1942,1950,547,224,771,1494,1,3,1,7,2,1,2009,177500
1303,10120,8,1994,1994,740,425,1165,2526,2,4,1,8,1,3,2006,290000
1304,8688,7,2005,2005,0,1616,1616,1616,2,3,1,7,0,3,2006,232000
1305,3363,7,2004,2004,0,976,976,1708,2,3,1,7,0,2,2006,130000
1306,13173,9,2006,2007,1572,80,1652,1652,2,2,1,6,2,2,2009,325000
1307,6955,7,2005,2006,0,1368,1368,1368,2,2,1,6,1,2,2006,202500
1308,8072,5,1994,1995,746,244,990,990,1,3,1,5,0,2,2009,138000
1309,12000,5,1948,2005,144,172,924,1122,1,2,1,6,0,2,2008,147000
1310,7153,6,1991,1991,1200,78,1278,1294,2,3,1,6,0,2,2008,179200
1311,17500,7,1959,2002,1406,496,1902,1902,2,3,1,7,2,2,2010,335000
1312,8814,7,2005,2007,925,349,1274,1274,2,3,1,6,0,2,2007,203000
1313,9572,8,1990,1990,482,971,1453,2810,2,4,1,9,1,2,2007,302000
1314,14774,9,1999,1999,0,1393,1393,2599,2,4,1,10,1,3,2010,333168
1315,8190,4,1954,1954,732,216,948,948,1,3,1,5,1,1,2007,119000
1316,11075,6,1969,1969,500,176,952,2112,2,4,1,9,2,2,2008,206900
1317,10226,8,2008,2008,0,1622,1622,1630,2,3,1,8,1,3,2009,295493
1318,4230,7,2006,2007,0,1352,1352,1352,2,2,1,5,1,2,2007,208900
1319,14781,8,2001,2002,0,1753,1753,1787,2,3,1,7,1,3,2006,275000
1320,10215,4,1954,1954,492,372,864,948,1,3,1,5,0,1,2007,111000
1321,8400,6,1957,1957,189,628,1478,1478,1,3,1,6,2,2,2009,156500
1322,6627,3,1949,1950,0,0,0,720,1,2,1,4,0,1,2008,72500
1323,10186,7,1992,1992,674,76,750,1923,2,3,1,8,1,2,2010,190000
1324,5330,4,1940,1950,280,140,420,708,1,2,1,5,0,0,2009,82500
1325,9986,8,2006,2007,0,1795,1795,1795,2,2,1,7,1,3,2007,147000
1326,3636,4,1922,1950,0,796,796,796,1,2,1,5,0,0,2008,55000
1327,4270,3,1931,2006,544,0,544,774,1,3,1,6,0,0,2007,79000
1328,6600,5,1982,2008,641,175,816,816,1,3,1,5,1,1,2008,130500
1329,10440,6,1920,1950,493,1017,1510,2792,2,5,1,8,2,2,2008,256000
1330,9084,7,1998,1998,0,935,935,1632,2,3,1,8,1,2,2006,176500
1331,10000,8,2006,2006,0,1588,1588,1588,2,3,1,7,1,3,2007,227000
1332,10780,5,1976,1976,483,428,911,954,1,3,1,6,0,2,2006,132500
1333,8877,4,1938,1958,690,126,816,816,1,2,1,3,1,1,2009,100000
1334,7200,5,1938,1995,0,803,803,1360,1,2,1,6,0,1,2006,125500
1335,2368,5,1970,1970,765,0,765,1365,1,3,1,7,0,2,2009,125000
1336,9650,6,1977,1977,686,664,1350,1334,2,2,1,6,1,2,2009,167900
1337,9246,5,1973,1973,0,1656,1656,1656,2,4,2,8,0,2,2008,135000
1338,4118,4,1941,1950,0,693,693,693,1,2,1,4,0,0,2006,52500
1339,13450,7,2002,2002,700,216,916,1861,2,3,1,8,0,2,2006,200000
1340,9560,5,1972,1972,360,504,864,864,1,3,1,5,0,1,2006,128500
1341,8294,4,1971,1971,0,858,858,872,1,3,1,5,0,4,2007,123000
1342,13695,6,2003,2004,814,300,1114,1114,1,3,1,6,0,2,2008,155000
1343,9375,8,2002,2002,0,1284,1284,2169,2,3,1,7,1,2,2007,228500
1344,7558,6,1928,1950,0,896,896,1913,1,3,1,9,1,2,2009,177000
1345,11103,7,2006,2006,0,728,728,1456,2,3,1,8,1,2,2007,155835
1346,6000,4,1920,1950,250,710,960,960,1,2,1,5,0,1,2007,108500
1347,20781,7,1968,2003,297,1203,1568,2156,2,3,1,9,1,2,2006,262500
1348,15306,8,2006,2007,80,1652,1732,1776,2,3,1,7,1,3,2007,283463
1349,16196,7,1998,1998,1443,39,1482,1494,2,3,1,5,1,2,2007,215000
1350,5250,8,1872,1987,259,425,684,2358,2,4,1,8,0,0,2008,122000
1351,11643,5,1969,1969,500,748,1248,2634,2,6,2,12,0,4,2009,200000
1352,9247,6,1962,1962,319,539,858,1716,1,4,1,8,1,2,2008,171000
1353,6000,6,1937,2000,0,698,698,1176,1,2,1,4,0,2,2009,134900
1354,14720,8,1995,1996,816,1217,2033,3238,2,4,1,9,1,3,2010,410000
1355,10316,7,2000,2000,735,257,992,1865,2,3,1,7,1,3,2008,235000
1356,10192,7,1968,1992,0,570,570,1920,3,4,1,8,1,2,2006,170000
1357,9477,5,1966,1966,340,524,864,892,1,3,1,5,0,1,2008,110000
1358,12537,5,1971,2008,734,344,1078,1078,1,3,1,6,1,2,2010,149900
1359,2117,6,2000,2000,378,378,756,1573,2,3,1,5,0,2,2010,177500
1360,16737,9,2004,2005,1447,533,1980,1980,2,3,1,8,1,3,2006,315000
1361,9842,5,1921,1998,0,612,612,2601,3,4,1,8,0,2,2008,189000
1362,16158,7,2005,2005,1274,256,1530,1530,2,3,1,7,1,2,2009,260000
1363,12513,4,1920,2007,0,715,715,1738,2,4,1,7,1,1,2009,104900
1364,8499,6,2006,2007,0,616,616,1412,2,3,1,6,1,2,2007,156932
1365,3180,7,2005,2005,0,600,600,1200,2,2,1,4,0,2,2006,144152
1366,7500,7,2000,2000,533,281,814,1674,2,3,1,7,0,2,2010,216000
1367,9179,7,1999,1999,633,240,873,1790,2,3,1,7,0,2,2008,193000
1368,2665,5,1977,1977,548,36,757,1475,2,4,1,6,1,1,2006,127000
1369,4435,6,2003,2004,685,163,848,848,1,1,1,4,0,2,2009,144000
1370,10635,8,2003,2003,370,315,1657,1668,2,3,1,8,1,2,2010,232000
1371,5400,4,1920,1950,315,420,840,1374,1,2,1,6,0,1,2009,105000
1372,9600,6,1955,1996,831,161,992,1661,1,3,1,8,1,1,2008,165500
1373,9750,7,1998,1998,975,133,1108,2097,2,3,1,8,1,2,2006,274300
1374,11400,10,2001,2002,1282,1351,2633,2633,2,2,1,8,2,3,2007,466500
1375,10625,7,2005,2005,0,1026,1026,1958,2,3,1,9,1,3,2008,250000
1376,10991,8,2007,2007,0,1571,1571,1571,2,3,1,7,1,3,2007,239000
1377,6292,6,1930,1950,384,384,768,790,1,2,1,4,0,1,2008,91000
1378,10998,5,1941,1960,408,156,984,1604,2,3,1,6,0,2,2009,117000
1379,1953,6,1973,1973,309,174,483,987,1,2,1,5,0,1,2006,83000
1380,9735,5,2006,2007,0,384,384,1394,2,3,1,7,0,2,2008,167500
1381,8212,3,1914,1950,203,661,864,864,1,2,1,5,0,1,2010,58500
1382,12925,6,1970,1970,865,340,1205,2117,2,4,1,7,2,2,2008,237500
1383,7200,7,1920,1950,0,596,596,1762,1,4,1,8,0,2,2006,157000
1384,25339,5,1918,2007,0,816,816,1416,2,3,1,7,0,2,2007,112000
1385,9060,6,1939,1950,204,356,560,1258,1,2,1,6,0,1,2009,105000
1386,5436,4,1922,2007,735,61,796,1154,1,3,1,7,0,1,2010,125500
1387,16692,7,1978,1978,790,133,1392,2784,3,5,1,12,2,2,2006,250000
1388,8520,6,1916,1950,168,0,714,2526,2,5,1,10,1,1,2007,136000
1389,14892,9,2006,2007,1320,426,1746,1746,2,3,1,7,2,3,2009,377500
1390,6000,6,1941,1950,375,360,735,1218,1,3,1,6,1,2,2007,131000
1391,9100,7,2000,2000,1400,125,1525,1525,2,3,1,6,0,2,2006,235000
1392,8944,5,1967,1967,0,1584,1584,1584,2,4,2,8,0,3,2009,124000
1393,7838,5,1967,1967,769,95,864,900,1,3,1,6,1,1,2006,123000
1394,10800,6,1905,2000,0,482,482,1912,2,3,2,7,1,2,2008,163000
1395,4045,7,2006,2006,1070,286,1356,1500,2,2,1,6,1,3,2006,246578
1396,12665,8,2005,2006,0,1094,1094,2482,2,4,1,9,1,3,2007,281213
1397,57200,5,1948,1950,353,60,747,1687,1,3,1,7,2,2,2010,160000
1398,6120,5,1920,2004,0,939,939,1513,1,4,1,8,0,1,2007,137500
1399,7200,5,1950,1982,180,676,1208,1904,1,3,1,7,0,1,2009,138000
1400,6171,6,1925,1990,264,712,976,1608,2,3,1,7,1,1,2009,137450
1401,6000,6,1929,1950,0,862,862,1158,1,3,1,5,1,1,2008,120000
1402,7415,6,2004,2004,759,80,839,1593,2,3,1,8,1,2,2008,193000
1403,6762,7,2006,2006,0,1286,1286,1294,2,2,1,6,1,2,2006,193879
1404,15256,8,2007,2007,929,556,1485,1464,2,3,1,6,0,3,2007,282922
1405,10410,3,1915,1950,0,672,672,1214,1,3,1,6,0,3,2006,105000
1406,3842,8,2004,2005,1373,221,1594,1646,2,2,1,5,1,2,2008,275000
1407,8445,5,1972,2007,656,112,768,768,1,2,1,5,0,2,2009,133000
1408,8780,5,1985,1985,625,208,833,833,1,3,1,5,0,0,2009,112000
1409,7740,4,1910,1950,0,622,622,1363,1,3,1,6,0,2,2010,125500
1410,20544,7,1986,1991,0,791,791,2093,2,3,1,7,1,2,2008,215000
1411,12420,7,2001,2001,666,278,944,1840,2,3,1,6,0,2,2009,230000
1412,9600,6,1950,2005,120,736,856,1668,1,3,1,6,0,1,2009,140000
1413,7200,4,1949,1950,0,0,0,1040,2,2,2,6,0,2,2009,90000
1414,10994,8,2005,2006,976,868,1844,1844,2,2,1,7,1,2,2009,257000
1415,13053,6,1923,2000,0,833,833,1848,1,4,1,8,1,2,2008,207000
1416,3635,7,2007,2007,988,398,1386,1569,2,1,1,7,1,3,2009,175900
1417,11340,4,1885,1950,0,777,777,2290,2,4,2,11,0,2,2010,122500
1418,16545,8,1998,1998,781,503,1284,2450,2,3,1,7,1,3,2009,340000
1419,9204,5,1963,1963,25,247,1144,1144,1,3,1,6,0,1,2008,124000
1420,16381,6,1969,1969,1110,734,1844,1844,2,3,1,7,1,2,2006,223000
1421,11700,6,1968,1968,404,304,708,1416,2,3,1,7,1,2,2006,179900
1422,4043,6,1977,1977,360,709,1069,1069,2,2,1,4,1,2,2010,127500
1423,4435,6,2003,2003,686,162,848,848,1,1,1,3,0,2,2008,136500
1424,19690,6,1966,1966,0,697,697,2201,2,4,1,8,1,2,2006,274970
1425,9503,5,1958,1983,457,193,1024,1344,1,2,1,6,1,1,2007,144000
1426,10721,6,1959,1959,0,1252,1252,1252,1,3,1,7,0,2,2008,142000
1427,10944,7,1994,1994,1000,223,1223,2127,2,3,1,5,2,2,2008,271000
1428,10930,5,1945,1950,580,333,913,1558,1,3,1,6,1,1,2008,140000
1429,7200,5,1940,1992,510,278,788,804,1,2,1,4,2,1,2010,119000
1430,12546,6,1981,1981,678,762,1440,1440,2,3,1,7,1,2,2007,182900
1431,21930,5,2005,2005,0,732,732,1838,2,4,1,7,1,2,2006,192140
1432,4928,6,1976,1976,958,0,958,958,2,2,1,5,0,2,2009,143750
1433,10800,4,1927,2007,0,656,656,968,2,4,1,5,0,1,2007,64500
1434,10261,6,2000,2000,0,936,936,1792,2,3,1,8,1,2,2008,186500
1435,17400,5,1977,1977,936,190,1126,1126,2,3,1,5,1,2,2006,160000
1436,8400,6,1962,2005,0,1319,1319,1537,1,3,1,7,1,2,2008,174000
1437,9000,4,1971,1971,616,248,864,864,1,3,1,5,0,2,2007,120500
1438,12444,8,2008,2008,1336,596,1932,1932,2,2,1,7,1,3,2008,394617
1439,7407,6,1957,1996,600,312,912,1236,1,2,1,6,0,2,2010,149700
1440,11584,7,1979,1979,315,114,539,1725,2,3,1,6,1,2,2007,197000
1441,11526,6,1922,1994,0,588,588,2555,2,3,1,11,1,2,2008,191000
1442,4426,6,2004,2004,697,151,848,848,1,1,1,3,1,2,2008,149300
1443,11003,10,2008,2008,765,252,1017,2007,2,3,1,10,1,3,2009,310000
1444,8854,6,1916,1950,0,952,952,952,1,2,1,4,1,1,2009,121000
1445,8500,7,2004,2004,0,1422,1422,1422,2,3,1,7,0,2,2007,179600
1446,8400,6,1966,1966,187,0,814,913,1,3,1,6,0,1,2007,129000
1447,26142,5,1962,1962,593,595,1188,1188,1,3,1,6,0,1,2010,157900
1448,10000,8,1995,1996,1079,141,1220,2090,2,3,1,8,1,2,2007,240000
1449,11767,4,1910,2000,0,560,560,1346,1,2,1,6,0,1,2007,112000
1450,1533,5,1970,1970,553,77,630,630,1,1,1,3,0,0,2006,92000
1451,9000,5,1974,1974,0,896,896,1792,2,4,2,8,0,0,2009,136000
1452,9262,8,2008,2009,0,1573,1573,1578,2,3,1,7,1,3,2009,287090
1453,3675,5,2005,2005,547,0,547,1072,1,2,1,5,0,2,2006,145000
1454,17217,5,2006,2006,0,1140,1140,1140,1,3,1,6,0,0,2006,84500
1455,7500,7,2004,2005,410,811,1221,1221,2,2,1,6,0,2,2009,185000
1456,7917,6,1999,2000,0,953,953,1647,2,3,1,7,1,2,2007,175000
1457,13175,6,1978,1988,790,589,1542,2073,2,3,1,7,2,2,2010,210000
1458,9042,7,1941,2006,275,877,1152,2340,2,4,1,9,2,1,2010,266500
1459,9717,5,1950,1996,49,0,1078,1078,1,2,1,5,0,1,2010,142125
1460,9937,5,1965,1965,830,136,1256,1256,1,3,1,6,0,1,2008,147500
